{
	"name": "npp-pluginList",
	"version": "1.5.1",
	"arch": "arm",
	"npp-plugins": [
		{
			"folder-name": "BetterMultiSelection",
			"display-name": "BetterMultiSelection",
			"version": "1.5",
			"id": "faf772399a1974cd0e862e3dca0ecc40c1122c4ff46b860eb94d926a7941ffe4",
			"repository": "http://www.plumeqi.com/arm32/npp/nppplugins/BetterMultiSelection_1.5_arm.zip",
			"description": "Provides better cursor movements when using multiple selections.",
			"author": "Justin Dailey",
			"homepage": "https://github.com/dail8859/BetterMultiSelection"
		},		
		
		{
			"folder-name": "ComparePlugin",
			"display-name": "Compare",
			"version": "2.0.2",
			"id": "26e1d13deec452e70f4a3da964bdcdae8db691eff076ebdd8965d59f87a4eaaf",
			"repository": "http://www.plumeqi.com/arm32/npp/nppplugins/ComparePlugin_2.02_arm.zip",
			"description": "Shows the differences between 2 files (side by side).",
			"author": "Ty Landercasper, Jean-Sebastien Leroy, Pavel Nedev. Diff against Git and Diff against SVN are not supported.",
			"homepage": "https://github.com/pnedev/compare-plugin"
		},

		{
			"folder-name": "HexEditor",
			"display-name": "HEX-Editor",
			"version": "0.9.12.0",
			"id": "1ffc7e5f16acc88c2aa03b33a42c64b6911c641a021b5ae6c7143d2a5bbcc38b",
			"repository": "http://www.plumeqi.com/arm32/npp/nppplugins/HexEditor_0.9.12_arm.zip",
			"description": "Hex editor. Some reported issues, however many bugs fixed in latest release.",
			"author": "Jens Lorenz",
			"homepage": "https://github.com/chcg/NPP_HexEdit"
		},
		
		{
			"folder-name": "AnalysePlugin",
			"display-name": "AnalysePlugin",
			"version": "1.13.0.0",
			"id": "c0db417e62d9b4c8115b929f4e7da5b1e8c3725fceace65bd2921d4e3525f37a",
			"repository": "http://www.plumeqi.com/arm32/npp/nppplugins/AnalysePlugin_1.13.0.0_arm.zip",
			"description": "AnalysePlugin will help you to search for more than one search pattern at a time. Great for analysing big log files...\r\nLast changes and how to use you will find in Help... in Plugins Menu.",
			"author": "Mattes H.",
			"homepage": "https://sourceforge.net/projects/analyseplugin"
		},

		{
			"folder-name": "nppAutoDetectIndent",
			"display-name": "Auto Detect Indention",
			"version": "2.3",
			"id": "348d1ab2d702bd07b7fb9002fa18c5838efcd2ae4e88e614e046c1cec35da5df",
			"repository": "http://www.plumeqi.com/arm32/npp/nppplugins/nppAutoDetectIndent_2.3_arm.zip",
			"description": "Detects indention (tab or spaces) and auto adjust Tab key on-the-fly.",
			"author": "Mike Tzou (Chocobo1)",
			"homepage": "https://github.com/Chocobo1/nppAutoDetectIndent"
		},
		
		{
			"folder-name": "BigFiles",
			"display-name": "BigFiles - Open Very Large Files",
			"version": "0.1.3",
			"id": "9bf48f1e52d394c5b8d55b661bd719bf2b3506708e9820935a318a8d5177476a",
			"repository": "http://www.plumeqi.com/arm32/npp/nppplugins/BigFiles_0.1.3_arm.zip",
			"description": "Reads very large files. It does this by only showing a small buffer of the file and let the user move back anf forth in the page.\r\nThis is useful when you want to preview very large text files. Opening is done separately from Notepad++ and there is no option to save.\r\nhttps://github.com/superolmo/BigFiles",
			"author": "Claudio Olmi",
			"homepage": "https://github.com/superolmo/BigFiles"
		},
		
		{
			"folder-name": "ColumnTools",
			"display-name": "ColumnTools",
			"version": "1.4.4.1",
			"id": "3259468a5790330d1a15ec0bac64945924d3381d2e427cb08f979aed8ab8f316",
			"repository": "http://www.plumeqi.com/arm32/npp/nppplugins/ColumnTools_1.4.4.1_arm.zip",
			"description": "Notepad++ Highlight Current Column and Horizontal Ruler",
			"author": "Vin's World",
			"homepage": "https://github.com/vinsworldcom/nppColumnTools"
		},
		
		{
			"folder-name": "CommentWrap",
			"display-name": "Comment Wrap",
			"version": "1.0.0.5",
			"id": "608b318aa94e1f7456ae73b1163a44d43f8779845160de9a3cb836ee459985ca",
			"repository": "http://www.plumeqi.com/arm32/npp/nppplugins/CommentWrap_1.0.5_arm.zip",
			"description": "Wraps comments as you type. Supports C-style, Python-style, and Lua-style comments.",
			"author": "Derek Brown",
			"homepage": "https://sourceforge.net/projects/kered13-notepad-plugins/"
		},

		{
			"folder-name": "PythonIndent",
			"display-name": "Python Indent",
			"version": "1.0.0.4",
			"id": "a261642745b11a54cc2d89b6b1fb2ad43a308f621b8aca2972c0218fec6997a4",
			"repository": "http://www.plumeqi.com/arm32/npp/nppplugins/PythonIndent_1.0.0.4_arm.zip",
			"description": "Python auto-indent plugin.",
			"author": "Derek Brown",
			"homepage": "https://sourceforge.net/projects/kered13-notepad-plugins/"
		},
		
		{
			"folder-name": "DereksAutoindent",
			"display-name": "Derek's AutoIndent",
			"version": "1.0.0.2",
			"id": "e6d478ed4faaee7ab715f9d5bb43651949a265591a624ff7b34a78616efa1048",
			"repository": "http://www.plumeqi.com/arm32/npp/nppplugins/DereksAutoindent_1.0.0.2_arm.zip",
			"description": "Derek's auto-indent plugin.",
			"author": "Derek Brown",
			"homepage": "https://sourceforge.net/projects/kered13-notepad-plugins/"
		},
		
		{
			"folder-name": "PasteIndented",
			"display-name": "Paste Indented",
			"version": "1.0.0.2",
			"id": "b8560943b84ba9fbe52e1c9d735027c5ce31a1bf4c302950d6753d91b84f4c91",
			"repository": "http://www.plumeqi.com/arm32/npp/nppplugins/PasteIndented_1.0.0.2_arm.zip",
			"description": "Derek's paste indented plugin.",
			"author": "Derek Brown",
			"homepage": "https://sourceforge.net/projects/kered13-notepad-plugins/"
		},

		{
			"folder-name": "CustomizeToolbar",
			"display-name": "Customize Toolbar",
			"version": "5.3",
			"id": "af829139b6871f8c24de4ebd9c7fb858d4a2ed99efec7b6249d48f6d92ba8b3d",
			"repository": "http://www.plumeqi.com/arm32/npp/nppplugins/CustomizeToolbar_5.3_arm.zip",
			"description": "Allows the toolbar to be fully customised by the user, and includes twenty-six additional buttons for frequently used menu commands. All buttons on the toolbar can be customized, whether Notepad++ buttons, additional buttons, or other plugin buttons.\r\n\r\nCustom buttons for Notepad++ menu commands or other plugin menu commands can be created using a configuration file. It is possible to replace the icons of existing Notepad++ buttons or other plugin buttons.\r\n",
			"author": "dw-dev@gmx.com",
			"homepage": "https://sourceforge.net/projects/npp-customize"
		},

		{
			"folder-name": "DoxyIt",
			"display-name": "DoxyIt",
			"version": "0.4.4",
			"id": "5e781df946138a9602778cc2bf99cb93a0ce3fef1cb00f5de34040491c7dcea3",
			"repository": "http://www.plumeqi.com/arm32/npp/nppplugins/DoxyIt_0.4.4_arm.zip",
			"description": "Supports creating Doxygen comments.",
			"author": "Justin Dailey",
			"homepage": "https://github.com/dail8859/DoxyIt"
		},

		{
			"folder-name": "NppEditorConfig",
			"display-name": "EditorConfig",
			"version": "0.4.0",
			"id": "6f109ec44c185b570b980783f7710202338c958d9521bd4015cc8812f839e5c0",
			"repository": "http://www.plumeqi.com/arm32/npp/nppplugins/NppEditorConfig_0.4_arm.zip",
			"description": "EditorConfig is a text file that defines coding conventions for a project to help maintain them consistent no matter which text editor you use. This plugin adds support for .editorconfig files to Notepad++. It will automatically discover and apply matching .editorconfig settings to the files that you open for editing. For the EditorConfig recommended use, file format and samples, visit https://editorconfig.org/.",
			"author": "EditorConfig Team",
			"homepage": "https://github.com/editorconfig/editorconfig-notepad-plus-plus"
		},

		{
			"folder-name": "ElasticTabstops",
			"display-name": "ElasticTabstops",
			"version": "1.3.1",
			"id": "202e9b557c1158087f9890ba1c081e7b8323f8a83bb7265774261789dfb56a36",
			"repository": "http://www.plumeqi.com/arm32/npp/nppplugins/ElasticTabstops_1.3.1_arm.zip",
			"description": "Support for Elastic Tabstops.",
			"author": "Justin Dailey",
			"homepage": "https://github.com/dail8859/ElasticTabstops"
		},

		{
			"folder-name": "Explorer",
			"display-name": "Explorer",
			"version": "1.9.5.0",
			"id": "2ab2a0b02de677f77c95747b8138ae479b1e42e8449a44ea6e76aa52622a8489",
			"repository": "http://www.plumeqi.com/arm32/npp/nppplugins/Explorer_1.9.5_arm.zip",
			"description": "File browser. You can open whatever you want from it in Notepad++, just double click!",
			"author": "Jens Lorenz",
			"homepage": "https://github.com/oviradoi/npp-explorer-plugin"
		},

		{
			"folder-name": "NppExec",
			"display-name": "NppExec",
			"version": "0.8.0",
			"id": "2bf4bd57f71ebfda689f0c039956dc4fe94d7f3c1526f9d1dd7da5f3d0913b49",
			"repository": "http://www.plumeqi.com/arm32/npp/nppplugins/NppExec_0.8.2_arm.zip",
			"description": "Execute commands or saved scripts without leaving Notepad++.",
			"author": "Vitaliy Dovgan",
			"homepage": "https://github.com/d0vgan/nppexec"
		},

		{
			"folder-name": "FileSwitcher",
			"display-name": "File Switcher",
			"version": "1.0.3.0",
			"id": "5c40785389b0cdfa67435a385554bdd56c7915cc5c64986bb3e8f324be0d7de5",
			"repository": "http://www.plumeqi.com/arm32/npp/nppplugins/FileSwitcher_1.0.3_arm.zip",
			"description": "Allows you to switch the active buffer using just the keyboard. You can type any part of the filename, path or tab index. You can also use it as a replacement for the Ctrl-Tab functionality built into Notepad++.",
			"author": "Dave Brotherstone",
			"homepage": "https://github.com/bruderstein/FileSwitcher"
		},

		{
			"folder-name": "FWDataViz",
			"display-name": "Fixed-width Data Visualizer",
			"version": "2.5.0.0",
			"id": "1a51138325ed4261e92bbd551d1e6f30d1244d30f1824a1c47b8d41359df536a",
			"repository": "http://www.plumeqi.com/arm32/npp/nppplugins/FWDataViz_2.5.3_arm.zip",
			"description": "Fixed Width Data Visualizer adds Excel-like features for fixed-width data files in Notepad++. Displays cursor position data. Hop & Jump to specific fields. Field Copy & Field Paste. Data Extraction. Builtin dialogs to configure file-type, record-type & fields; and themes & colors. Automatic File Type Detection. Handles homogenous, mixed & multi-line records. Full Multi-byte character support. Darkmode enabled.",
			"author": "Shridhar Kumar",
			"homepage": "https://github.com/shriprem/FWDataViz"
		},

		{
			"folder-name": "GotoLineCol",
			"display-name": "GotoLineCol",
			"version": "2.4.2.0",
			"id": "04f0b9f656767925b7818bcfc939794727176e23f2e359ba2cbce1d8056d900d",
			"repository": "http://www.plumeqi.com/arm32/npp/nppplugins/GotoLineCol_2.4.2_arm.zip",
			"description": "A plugin to navigate to a specified line and (byte-based or character-based) column position. Will also display character byte code, UTF-8 byte sequence & Unicode code point at cursor position. Darkmode enabled. Command line options.",
			"author": "Shridhar Kumar",
			"homepage": "https://github.com/shriprem/Goto-Line-Col-NPP-Plugin"
		},	

		{
			"folder-name": "IndentByFold",
			"display-name": "Indent By Fold",
			"version": "0.7.3",
			"id": "14120393033879dd0a320cbe138ee323c51d8041e3449ee79ba44ef75eb9db7c",
			"repository": "http://www.plumeqi.com/arm32/npp/nppplugins/IndentByFold_0.7.3_arm.zip",
			"description": "Indent using Fold points\r\nNote: Disable Notepad++'s Auto Indent in Settings - Preferences - MISC - Untick Auto Indent.",
			"author": "Ben Bluemel, Frank Fesevur",
			"homepage": "https://github.com/ffes/indentbyfold/"
		},
		
		{
			"folder-name": "NPPJSONViewer",
			"display-name": "JSON Viewer",
			"version": "1.40",
			"id": "502dfc40e8bfbd8b44d03ea79016bccc185131df6c43ce3be2d388b9895bd1a9",
			"repository": "http://www.plumeqi.com/arm32/npp/nppplugins/NPPJSONViewer_1.40_arm.zip",
			"description": "JSON viewer that displays the selected JSON string in a tree view.",
			"author": "Kapil Ratnani",
			"homepage": "https://github.com/kapilratnani/JSON-Viewer"
		},

		{
			"folder-name": "LocationNavigate",
			"display-name": "Location Navigate",
			"version": "0.4.8.1",
			"id": "6d0ab1076990677c275cdd7dc9f7abbd905ecee87dd5e1df0059f1f3494cb3ea",
			"repository": "http://www.plumeqi.com/arm32/npp/nppplugins/LocationNavigate_0.4.8.1_arm.zip",
			"description": "Navigate between your last edit/view points. Useful for code/text edit and view, especially for many and large text files\r\n1. Automatically record the cursor position and modified points\r\n2. You can jump to any position that your cursor has visited.\r\n3. Can use shortcuts (Ctrl+- for previous position and Ctrl+Shift+- for next position) to jump forward and back in code\r\n4. Can jump to any modified points (Ctrl+Alt+Z) back and forward (Ctrl+Alt+Y)\r\n5. History positions are automatically adjusted when text is modified.\r\n6. Can record positions data when application exit and it will be loaded in next run.\r\n7. Can navigate only in current file",
			"author": "Austin Young",
			"homepage": "https://sourceforge.net/projects/locationnav/"
		},

		{
			"folder-name": "NewFileBrowser",
			"display-name": "New File & Browser",
			"version": "0.1.5.0",
			"id": "fe7d479dcf9cb948e67c5af2e5152537ca994cd770eeb10f5c85fc00e6dadb94",
			"repository": "http://www.plumeqi.com/arm32/npp/nppplugins/NewFileBrowser_0.1.5.0_arm.zip",
			"description": "it can define 2 new file's text and have a inner webbrowser which could run current file",
			"author": "Austin Young",
			"homepage": "https://sourceforge.net/projects/locationnav/"
		},
		
		{
			"folder-name": "MultiClipboard",
			"display-name": "MultiClipboard",
			"version": "2.1.0.0",
			"id": "722afecf33aa375b0c98af3fd050e792a59f24e67409229896d3118dcffbbc55",
			"repository": "http://www.plumeqi.com/arm32/npp/nppplugins/MultiClipboard_2.1_arm.zip",
			"description": "Implements multiple (10) text buffers that are filled via copying and/or cutting of text. To paste any text from the buffers, use Ctrl-V or middle mouse click (normal paste): to paste the most recently copied/cut text Ctrl-Shift-V or Shift-middle mouse click: to pop up a menu with the text buffer entries. Select the desired menu item to paste it.",
			"author": "LoonyChewy",
			"homepage": "https://sourceforge.net/projects/npp-plugins/files/MultiClipboard/"
		},

		{
			"folder-name": "nppConverter",
			"display-name": "Npp Converter",
			"version": "4.4.0",
			"id": "705dcd4de6cb47e13e7ebec01ec40d10a2e2e225982b8a6cdee9eb259ddeb8e1",
			"repository": "http://www.plumeqi.com/arm32/npp/nppplugins/NppConverter_4.4_arm.zip",
			"description": "ASCII<->Hex converter.",
			"author": "Don HO",
			"homepage": "https://github.com/npp-plugins/converter/"
		},
		
		{
			"folder-name": "nppcrypt",
			"display-name": "NppCrypt",
			"version": "1.0.1.6",
			"id": "6d17a647b8b3946bda48ee906b3e22ef5df3b761090c96be5ff9637bf138406d",
			"repository": "http://www.plumeqi.com/arm32/npp/nppplugins/nppcrypt_1.0.1.6_arm.zip",
			"description": "Encryption/decryption with various block ciphers, hash-algorithms, random-characters, encoding with Base-16/32/64.",
			"author": "Jean Paul Richter",
			"homepage": "https://github.com/jeanpaulrichter/nppcrypt"
		},

		{
			"folder-name": "NppExport",
			"display-name": "NppExport",
			"version": "0.4.0.0",
			"id": "c47d9fe7e56ae21139956785b908c44bd1755e4bbfdf1c4ec81b91bdfee138a9",
			"repository": "http://www.plumeqi.com/arm32/npp/nppplugins/NppExport_0.4_arm.zip",
			"description": "True WYSIWYG exporter. Allows you not only to save your source code as an HTML/RTF file, but also to copy your source code in the clipboard in RTF/HTML format, so you can paste it into your word processor (Openoffice.org Writer, LibreOffice Writer, Abiword, MS Word) to get the same visual effect.",
			"author": "",
			"homepage": "https://github.com/chcg/NPP_ExportPlugin"
		},

		{
			"folder-name": "NppTextViz",
			"display-name": "NppTextViz",
			"version": "0.4.2",
			"id": "acaa48f78a723018b45e178786db00e8f1a5831dc299f7d0e1d9bfcab90f2dd8",
			"repository": "http://www.plumeqi.com/arm32/npp/nppplugins/NppTextViz_0.4.2_arm.zip",
			"description": "Hide or show lines to help analyse larger files - logs for example. Can hide all lines that contain text pattern. Or simply select several lines and hide them. Based on TextFX plugin v0.25 by Chris Severance.",
			"author": "Jakub Dvorak",
			"homepage": "https://github.com/KubaDee/NppTextViz"
		},

		{
			"folder-name": "NppQCP",
			"display-name": "Quick Color Picker +",
			"version": "2.0",
			"id": "ec3a49f8f378579a3d7dca28c9f7ab31eea8908212adc9705f9d72260b28b771",
			"repository": "http://www.plumeqi.com/arm32/npp/nppplugins/NppQCP_2.0_arm.zip",
			"description": "HEX/RGB/RGBA/HSL/HSLA color code highlighter.\r\n* Double-click activation of Color Picker\r\n* Allow assigning hotkeys for Color Picker and Screen Picker\r\n* Professional color palette\r\n* Quick HSLA color tuning\n* Screen color picker\r\n* Access Windows Color Chooser",
			"author": "NPlus",
			"homepage": "https://github.com/nulled666/nppqcp/"
		},	

		{
			"folder-name": "SurroundSelection",
			"display-name": "SurroundSelection",
			"version": "1.4.1",
			"id": "d9325ca2e1c3cdc2a14d8c15be1a899499299d6274f65095ebd3419adce82be0",
			"repository": "http://www.plumeqi.com/arm32/npp/nppplugins/SurroundSelection_1.4.1_arm.zip",
			"description": "Automatically surround the selection in quotes/brackets/parenthesis/etc.",
			"author": "Justin Dailey",
			"homepage": "https://github.com/dail8859/SurroundSelection"
		},
		
		{
			"folder-name": "NppTaskList",
			"display-name": "Task List",
			"version": "2.4",
			"id": "04a6dc2410031ccc5275593bddc8eca2b5daddc40e53bbc4705a95aa7c6307cf",
			"repository": "http://www.plumeqi.com/arm32/npp/nppplugins/NppTaskList_2.4_arm.zip",
			"description": "Automatically scans the open document and adds all \"TODO:*\" items to your task list, a window pane docked on the right. Double-clicking an item in the list will take you to that line in the code.",
			"author": "blitowitz",
			"homepage": "https://code.google.com/p/npp-task-list/"
		},
		
		{
			"folder-name": "XMLTools",
			"display-name": "XML Tools",
			"version": "3.1.1.13",
			"id": "48adeb2e002a0e55163e660614a0111302169e3651f054ebd9eeb8abfc883e85",
			"repository": "http://www.plumeqi.com/arm32/npp/nppplugins/XMLTools_3.1.1.13_arm.zip",
			"description": "Small set of useful tools for editing XML. Plugin is MSXML-based. The features are:\r\n- XML syntax Check\r\n- XML Schema (XSD) + DTD Validation\r\n- XML tag autoclose\r\n- Pretty print\n- Linarize XML\r\n- Current XML Path\r\n- Conversion XML &amp;lt;-&amp;gt; Text\n- Comment / Uncomment\r\n- XPath expression evaluation",
			"author": "Nicolas Crittin",
			"homepage": "https://github.com/morbac/xmltools"
		},
		
		{
			"folder-name": "XBrackets",
			"display-name": "XBrackets Lite",
			"version": "1.3.1.0",
			"id": "a5c58ed540ff7b609a1847d74eda08be125beea82ad1f0676122d03b0ddfd8d0",
			"repository": "http://www.plumeqi.com/arm32/npp/nppplugins/XBrackets_1.3.1_arm.zip",
			"description": "Small set of useful tools for editing XML. Plugin is MSXML-based. The features are:\r\n- XML syntax Check\r\n- XML Schema (XSD) + DTD Validation\r\n- XML tag autoclose\r\n- Pretty print\n- Linarize XML\r\n- Current XML Path\r\n- Conversion XML &amp;lt;-&amp;gt; Text\n- Comment / Uncomment\r\n- XPath expression evaluation",
			"author": "Nicolas Crittin",
			"homepage": "https://github.com/morbac/xmltools"
		}
	]
}
