{
	"name": "npp-pluginList",
	"version": "1.5.1",
	"arch": "64",
	"npp-plugins": [
		{
			"folder-name": "3P",
			"display-name": "3P - Progress Programmers Pal",
			"version": "1.8.7",
			"id": "6e371999f7c920f45e7164255b5d03b1a59eb6761da5ba472bfeae5e93b897ec",
			"repository": "https://github.com/jcaillon/3P/releases/download/v1.8.7/3P_x64.zip",
			"description": "[Requires .NET framework v4.6.1]\r\nDesigned to help writing OpenEdge ABL (formerly known as Progress 4GL) code. It provides :\r\n- a powerful auto-completion\r\n- tool-tips on every words\r\n- a code explorer to quickly navigate through your code\r\n- a file explorer to easily access all your sources\r\n- the ability to run/compile and even PROLINT your source file with an in-line visualization of errors\r\n- more than 50 options to better suit your needs\r\n- and so much more!\r\nVisit https://jcaillon.github.io/3P/ for more details on the plugin",
			"author": "Julien Caillon",
			"homepage": "https://jcaillon.github.io/3P/"
		},
		{
			"folder-name": "ActiveX",
			"display-name": "ActiveX Plugin",
			"version": "1.1.8.7",
			"id": "225110f20d750272c1300aa7c30e3b642702cffea2eadd9ee1a5e68fa3511c10",
			"repository": "https://sourceforge.net/projects/nppactivexplugin/files/bin/ActiveX_x64_1_1_8_7.zip",
			"description": "Allows you to control Notepad++ via ActiveX.\r\nYou can use ActiveX with many scripting languages (VBScript, JScript, PHP, ...) and other languages (C++, C+, VB.NET, Delphi, ...).\r\nSo you are not bound to a single language.",
			"author": "Bananen-Joe",
			"homepage": "https://sourceforge.net/projects/nppactivexplugin/"
		},
		{
			"folder-name": "AnalysePlugin",
			"display-name": "AnalysePlugin",
			"version": "1.13.49.0",
			"npp-compatible-versions": "[8.3,]",
			"old-versions-compatibility": "[,1.12.47.0][,8.2.1]",
			"id": "5ff269f9981d5b21342179e188a75795092068925c44f92048d4cca75e091afc",
			"repository": "https://sourceforge.net/projects/analyseplugin/files/binaries/v01.13-R49/AnalysePlugin-v01.13-R49-x64.zip",
			"description": "AnalysePlugin will help you to search for more than one search pattern at a time. Great for analysing big log files...\r\nLast changes and how to use you will find in Help... in Plugins Menu.",
			"author": "Mattes H.",
			"homepage": "https://sourceforge.net/projects/analyseplugin"
		},
		{
			"folder-name": "nppAutoDetectIndent",
			"display-name": "Auto Detect Indention",
			"version": "2.3",
			"npp-compatible-versions": "[8.3,]",
			"old-versions-compatibility": "[,2.0][,8.2.1]",
			"id": "5d1982a3fb4609d74dde0deaf631526646d393fc26e6d7a11c72f9d0456d69f1",
			"repository": "https://github.com/Chocobo1/nppAutoDetectIndent/releases/download/2.3/x64.zip",
			"description": "Detects indention (tab or spaces) and auto adjust Tab key on-the-fly.",
			"author": "Mike Tzou (Chocobo1)",
			"homepage": "https://github.com/Chocobo1/nppAutoDetectIndent"
		},
		{
			"folder-name": "AutoCodepage",
			"display-name": "AutoCodepage",
			"version": "1.2.4",
			"id": "88744cda8c4a6be373af2fa23c86156adaf3dc000fde8834957f9352a6f34fec",
			"repository": "https://sourceforge.net/projects/autocodepage/files/v1.2.4/plugin/x64/AutoCodepage_v1.2.4_x64.zip",
			"description": "Automatically sets a document's code page to your needs on loading or renaming a document, changing its language or activating its tab. Usefull especially when coding batch scripts.",
			"author": "Andreas Heim",
			"homepage": "https://sourceforge.net/projects/autocodepage"
		},
		{
			"folder-name": "AutoEolFormat",
			"display-name": "AutoEolFormat",
			"version": "1.0.2",
			"id": "9488d63c983050d65af7911d3a3f19dbba6d3fc5a14ad1660ecfbadf31343a85",
			"repository": "https://sourceforge.net/projects/autoeolformat/files/v1.0.2/plugin/x64/AutoEolFormat_v1.0.2_x64.zip",
			"description": "A plugin to automatically set a document's EOL (End Of Line) format to your needs on loading, saving or renaming a document or activating its tab.",
			"author": "Andreas Heim",
			"homepage": "https://sourceforge.net/projects/autoeolformat"
		},
		{
			"folder-name": "NppScripts",
			"display-name": "Automation Scripts",
			"version": "2.0.0.0",
			"id": "905fbb62dee256a4609f7860b280616cce3a131c8faff3916f89adcf52c3ec2a",
			"repository": "https://github.com/oleg-shilo/scripts.npp/releases/download/v2.0.0.0/NppScripts.x64.zip",
			"description": "C# based automation. Allows implementing a simple macros-like automations as well as the full scale script based plugins by means of C# scripts. The solution is based on CS-Script C# script engine.",
			"author": "Oleg Shilo",
			"homepage": "https://github.com/oleg-shilo"
		},
		{
			"folder-name": "AutoSave",
			"display-name": "AutoSave",
			"version": "1.6.1.0",
			"id": "572d748449aaea0ce72f2dfa7b36172419386d827b1db1536fc6b57ae23dc104",
			"repository": "https://github.com/francostellari/NppPlugins/raw/main/AutoSave/AutoSave_dll_1v61_x64.zip",
			"description": "Automatically save the currently open files based on a timer schedule and/or upon the application losing focus.\r\nThe plugin offers several options to save the current (or all the files), selecting only the named ones, accessible through an options dialog box.",
			"author": "Franco Stellari",
			"homepage": "https://github.com/francostellari/NppPlugins"
		},
		{
			"folder-name": "BetterMultiSelection",
			"display-name": "BetterMultiSelection",
			"version": "1.5",
			"id": "a33dddd93d40a2bb595ea44eeb5bcdaefd3189c5fae3c40a052da9d02597bb63",
			"repository": "https://github.com/dail8859/BetterMultiSelection/releases/download/v1.5/BetterMultiSelection_v1.5_x64.zip",
			"description": "Provides better cursor movements when using multiple selections.",
			"author": "Justin Dailey",
			"homepage": "https://github.com/dail8859/BetterMultiSelection"
		},
		{
			"folder-name": "BigFiles",
			"display-name": "BigFiles - Open Very Large Files",
			"version": "0.1.3",
			"id": "BADB0BC15E38FFACBF7112C8FA5F31EAF139D2DC30171CB53CF3B0530426012E",
			"repository": "https://github.com/superolmo/BigFiles/releases/download/v0.1.3.x64/BigFiles.zip",
			"description": "Reads very large files. It does this by only showing a small buffer of the file and let the user move back anf forth in the page.\r\nThis is useful when you want to preview very large text files. Opening is done separately from Notepad++ and there is no option to save.\r\nhttps://github.com/superolmo/BigFiles",
			"author": "Claudio Olmi",
			"homepage": "https://github.com/superolmo/BigFiles"
		},
		{
			"folder-name": "BookmarksDook",
			"display-name": "Bookmarks@Dook",
			"version": "2.3.3.0",
			"id": "74e1b72aefbb1a89f74d922c15df6dd422b5bf0b72b9bc7cf28438fd24db3a64",
			"repository": "https://github.com/Dook1/Bookmarks-Dook/releases/download/23364b/BookmarksDook.64.2.3.3.zip",
			"description": "Bookmarks panel",
			"author": "Dook",
			"homepage": "https://github.com/Dook1/Bookmarks-Dook/issues"
		},
		{
			"folder-name": "BracketsCheck",
			"display-name": "BracketsCheck",
			"version": "1.2.2",
			"id": "a56363d21f392e0e67b4110555e1d2a0477e55ac8368abccc5c0f9f2d11f5ba9",
			"repository": "https://github.com/niccord/BracketsCheck/releases/download/v1.2.2/BracketsCheck_1-2-2_x64.zip",
			"description": "Helps to check if brackets in your file are balanced.\r\nYou can check all text in a file or only the part you selected.",
			"author": "niccord",
			"homepage": "https://github.com/niccord/BracketsCheck/"
		},
		{
			"folder-name": "CADdyTools",
			"display-name": "CADdyTools",
			"version": "1.1.3.7",
			"id": "65c03a40c28dd1b65489aa5dee4df5219ac1db476b751a9c3312aea3cb60cda2",
			"repository": "https://github.com/MarioRosi/CADdyTools/releases/download/1.1.3.7/CADdyTools_v1137_x64.zip",
			"description": "Notepad++-Plugin for manipulate CADdy-formated coordinate- and measure-textfiles",
			"author": "Mario Rosenbohm",
			"homepage": "https://github.com/MarioRosi/CADdyTools"
		},
		{
			"folder-name": "CodeAlignmentNpp",
			"display-name": "Code Alignment",
			"version": "14.1.107",
			"id": "A11C60AD2DCAF0064A5C3CCA01AA2D2A6743897875E23887867783A2756B796B",
			"repository": "https://github.com/cpmcgrath/codealignment/releases/download/v14.1/CodeAlignmentNpp_v14.1_x64.zip",
			"description": "Code alignment helps you present your code beautifully, enhancing clarity and readability.\r\nAlign your code by any character. Fast logical shortcuts to perform common alignments such as equals and period.",
			"author": "Chris McGrath",
			"homepage": "https://github.com/cpmcgrath/codealignment"
		},
		{
			"folder-name": "CodeStats",
			"display-name": "Code::Stats",
			"version": "1.0.1",
			"id": "b4a8d6c3987b1999a7147283428e9a624a190ce7903893a02f07e496ffe2b16f",
			"repository": "https://github.com/p0358/notepadpp-CodeStats/releases/download/v1.0.1/notepadpp-CodeStats_x64.zip",
			"description": "Write code, level up, show off! A free stats tracking service for programmers. Enables XP tracking in Notepad++.",
			"author": "p0358",
			"homepage": "https://github.com/p0358/notepadpp-CodeStats"
		},
		{
			"folder-name": "ColumnTools",
			"display-name": "ColumnTools",
			"version": "1.4.4.1",
			"id": "e5e5c16b42045b5936fcfe509ecace145a713a341479ce1c1e09e05985b13b42",
			"repository": "https://github.com/vinsworldcom/nppColumnTools/releases/download/1.4.4.1/ColumnTools-v1.4.4.1-x64.zip",
			"description": "Notepad++ Highlight Current Column and Horizontal Ruler",
			"author": "Vin's World",
			"homepage": "https://github.com/vinsworldcom/nppColumnTools"
		},
		{
			"folder-name": "Comment Wrap",
			"display-name": "Comment Wrap",
			"version": "1.0.0.5",
			"npp-compatible-versions": "[8.3,]",
			"old-versions-compatibility": "[,1.0.0.4][,8.2.1]",
			"id": "22c828a7b6a8ebe9fa133c832573394de806f47293412dd7b20707559a3d2318",
			"repository": "https://sourceforge.net/projects/kered13-notepad-plugins/files/Comment%20Wrap%20x64%20v1.0.0.5.zip",
			"description": "Wraps comments as you type. Supports C-style, Python-style, and Lua-style comments.",
			"author": "Derek Brown",
			"homepage": "https://sourceforge.net/projects/kered13-notepad-plugins/"
		},
		{
			"folder-name": "ComparePlugin",
			"display-name": "Compare",
			"version": "2.0.2",
			"npp-compatible-versions": "[8.3,]",
			"old-versions-compatibility": "[,2.0.1][7.7,8.2.1]",
			"id": "4151fbc9778047991cf4b900363d846bda5b0d1783e5fed9eb77e4c8253ba315",
			"repository": "https://github.com/pnedev/compare-plugin/releases/download/v2.0.2/ComparePlugin_v2.0.2_X64.zip",
			"description": "Shows the differences between 2 files (side by side).",
			"author": "Ty Landercasper, Jean-Sebastien Leroy, Pavel Nedev",
			"homepage": "https://github.com/pnedev/compare-plugin"
		},
		{
			"folder-name": "CSScriptNpp",
			"display-name": "CS-Script - C# Intellisense",
			"version": "2.0.2.0",
			"npp-compatible-versions": "[8.3,]",
			"old-versions-compatibility": "[,1.7.26][,8.2.1]",
			"id": "db404f452ec144db44684299233ea9cf19bc85db6dddc3f181b29bd976b00ed5",
			"repository": "https://github.com/oleg-shilo/cs-script.npp/releases/download/v2.0.2.0/CSScriptNpp.2.0.2.0.x64.zip",
			"description": "CS-Script integration. Implements a real C# Intellisense solution based on CS-Script and Roslyn. Allows loading, executing modifying and debugging C# scripts in a way very similar to the Visual Studio C# projects support. This includes referencing assemblies and other scripts, code formatting, adding missing namespaces and intercepting Debug and Console output.",
			"author": "Oleg Shilo",
			"homepage": "https://github.com/oleg-shilo/cs-script.npp"
		},
		{
			"folder-name": "CSVLint",
			"display-name": "CSV Lint",
			"version": "0.4.5.2",
			"npp-compatible-versions": "[8.4,]",
			"old-versions-compatibility": "[,0.4.5.1][,8.3.3]",
			"id": "a43cd969720b52d6306bd7d670dc1201653d6b2fa1d89d8cfc83ec38c3c39216",
			"repository": "https://github.com/BdR76/CSVLint/releases/download/0.4.5.2/CSVLint_x64.zip",
			"description": "Syntax highlighting and quality control for csv and fixed width data, detect column and datatypes, convert datetime/decimal format, sql, xml",
			"author": "Bas de Reuver",
			"homepage": "https://github.com/BdR76/CSVLint/"
		},
		{
			"folder-name": "CsvQuery",
			"display-name": "CsvQuery",
			"version": "1.2.9",
			"npp-compatible-versions": "[8.3,]",
			"id": "3babdffa1e5a9973e2e98aa84598d869463520e646dc32fd112c583082636218",
			"repository": "https://github.com/jokedst/CsvQuery/releases/download/v1.2.9/CsvQuery-v1.2.9-x64.zip",
			"description": "Enables SQL queries against CSV files.",
			"author": "jokedst",
			"homepage": "https://github.com/jokedst/CsvQuery"
		},
		{
			"folder-name": "_CustomizeToolbar",
			"display-name": "Customize Toolbar",
			"version": "5.3",
			"id": "cb415b51d78ff7d505d5966865bbba67216a00955462db0187448b06efedd50a",
			"repository": "https://sourceforge.net/projects/npp-customize/files/Customize%20Toolbar%20v5.3/CustomizeToolbar_5_3_x64_UNI.zip",
			"description": "Allows the toolbar to be fully customised by the user, and includes twenty-six additional buttons for frequently used menu commands. All buttons on the toolbar can be customized, whether Notepad++ buttons, additional buttons, or other plugin buttons.\r\n\r\nCustom buttons for Notepad++ menu commands or other plugin menu commands can be created using a configuration file. It is possible to replace the icons of existing Notepad++ buttons or other plugin buttons.\r\n",
			"author": "dw-dev@gmx.com",
			"homepage": "https://sourceforge.net/projects/npp-customize"
		},
		{
			"folder-name": "CustomLineNumbers",
			"display-name": "CustomLineNumbers",
			"version": "1.1.7",
			"id": "4bb5077f79b947dffc7386d71baf2e2ca945a30c30a89b145c5a8ee6544a6e3e",
			"repository": "https://sourceforge.net/projects/customlinenumbers/files/v1.1.7/plugin/x64/CustomLineNumbers_v1.1.7_x64.zip",
			"description": "Displays line numbers as hex numbers. You can also configure the starting line number.",
			"author": "Andreas Heim",
			"homepage": "https://sourceforge.net/projects/customlinenumbers"
		},
		{
			"folder-name": "DiscordRPC",
			"display-name": "Discord Rich Presence",
			"version": "1.3.213.1",
			"id": "c1aa5528e1dd600cbfffe605272f8de157d9a0ec590a2ad3cd97a3fea9e5e8b3",
			"repository": "https://github.com/Zukaritasu/notepadpp_rpc/releases/download/v1.3/DiscordRPC_v1.3_x86_64.zip",
			"description": "Shows in discord the file that is currently being edited in Notepad++.",
			"author": "Zukaritasu",
			"homepage": "https://github.com/Zukaritasu/notepadpp_rpc"
		},
		{
			"folder-name": "DoxyIt",
			"display-name": "DoxyIt",
			"version": "0.4.4",
			"id": "1f3970b0fa2a87f76de0fee921e9c52ce931d552d9be73a4b820cd321457510c",
			"repository": "https://github.com/dail8859/DoxyIt/releases/download/v0.4.4/DoxyIt_v0.4.4_x64.zip",
			"description": "Supports creating Doxygen comments.",
			"author": "Justin Dailey",
			"homepage": "https://github.com/dail8859/DoxyIt"
		},
		{
			"folder-name": "DSpellCheck",
			"display-name": "DSpellCheck",
			"version": "1.4.24",
			"npp-compatible-versions": "[8.3,]",
			"old-versions-compatibility": "[,1.4.22][,8.2.1]",
			"id": "254a66ce701008a568375c3dfd0e4d9cb3cbf18269e7a80ea96db692e8f0733d",
			"repository": "https://github.com/Predelnik/DSpellCheck/releases/download/v1.4.24/DSpellCheck_x64.zip",
			"description": "Spell-checking with these main features:\r\n-Underlining spelling mistakes\r\n-Iterating through all mistakes in document\r\n-Finding mistakes only in comments and strings (For files with standard programming language syntax e.g. C++)\r\n-Possible usage of multiple languages (dictionaries) simultaneously to do spell-checking.\r\n-Getting suggestions for words by either using default Notepad++ menu or separate context menu called by special button appearing under word.\r\n-Able to add words to user dictionary or ignore them for current session of Notepad++\r\n-Using either Hunspell library (included in plugin) or Aspell library (needs to be installed).\r\n-A lot of customizing available from Plugin settings (Ignoring/Allowing only specific files, Choosing delimiters for words, Maximum number of suggestions etc)\r\n-Support for downloading and removing Hunspell dictionaries through user friendly GUI interface\r\n-Ability to quickly change current language through the nice menu.",
			"author": "Sergey Semushin",
			"homepage": "https://github.com/Predelnik/DSpellCheck"
		},
		{
			"folder-name": "NppEditorConfig",
			"display-name": "EditorConfig",
			"version": "0.4.0",
			"id": "ae43152e91d8310ab28859992d3661aba24d8d69a64b93cd12b2f531a1038f56",
			"repository": "https://github.com/editorconfig/editorconfig-notepad-plus-plus/releases/download/v0.4.0/NppEditorConfig-040-x64.zip",
			"description": "EditorConfig is a text file that defines coding conventions for a project to help maintain them consistent no matter which text editor you use. This plugin adds support for .editorconfig files to Notepad++. It will automatically discover and apply matching .editorconfig settings to the files that you open for editing. For the EditorConfig recommended use, file format and samples, visit https://editorconfig.org/.",
			"author": "EditorConfig Team",
			"homepage": "https://github.com/editorconfig/editorconfig-notepad-plus-plus"
		},
		{
			"folder-name": "ElasticTabstops",
			"display-name": "ElasticTabstops",
			"version": "1.3.1",
			"npp-compatible-versions": "[,8.2.1]",
			"id": "657f343f135e9af2d9db8b94dee991ff0c3931151ed7faea3a40822c0bc295a6",
			"repository": "https://github.com/dail8859/ElasticTabstops/releases/download/v1.3.1/ElasticTabstops_v1.3.1_x64.zip",
			"description": "Support for Elastic Tabstops.",
			"author": "Justin Dailey",
			"homepage": "https://github.com/dail8859/ElasticTabstops"
		},
		{
			"folder-name": "EnhanceAnyLexer",
			"display-name": "EnhanceAnyLexer",
			"version": "0.3.0",
			"npp-compatible-versions": "[8.4.1,]",
			"id": "fc999e1558b8afa7cfc6221ab366794fd26681ba7487ef7e2e509a5f65e56819",
			"repository": "https://github.com/Ekopalypse/EnhanceAnyLexer/releases/download/v.0.3.0/EnhanceAnyLexer_x64_PluginAdmin.zip",
			"description": "Adds more styling, colors only, options to any Lexer",
			"author": "Ekopalypse",
			"homepage": "https://github.com/Ekopalypse/EnhanceAnyLexer"
		},
		{
			"folder-name": "ERPHelper",
			"display-name": "ERP Helper",
			"version": "1.1.2",
			"id": "c02c3c15d6eac9bd863c555a228f5b89a4606d9c63730826c13305233ec4f443",
			"repository": "https://github.com/swhitley/ERPHelper/releases/download/v1.1.2/ERPHelper_x64.zip",
			"description": "A set of utilities for developing ERP integrations, includes XSL transformation and Workday API SOAP calls.",
			"author": "Whitley Media",
			"homepage": "https://github.com/swhitley/erphelper"
		},
		{
			"folder-name": "Explorer",
			"display-name": "Explorer",
			"version": "1.9.5.0",
			"id": "a50ac49778cf351c7b074618730bd71aeb482d998b24bf8adcc7df6f0351ad89",
			"repository": "https://github.com/oviradoi/npp-explorer-plugin/releases/download/v1.9.5/Explorer_x64.zip",
			"description": "File browser. You can open whatever you want from it in Notepad++, just double click!",
			"author": "Jens Lorenz",
			"homepage": "https://github.com/oviradoi/npp-explorer-plugin"
		},
		{
			"folder-name": "PlanetCNCNpp64",
			"display-name": "Expression calculator",
			"version": "3001.21.1123.1",
			"id": "e01f848c190a9d11e89af3289d9be45b28ae81cf3bfa435c3b2111290870e824",
			"repository": "https://github.com/PlanetCNC/PlanetCNCNpp/releases/download/release/PlanetCNCNpp64.zip",
			"description": "Expression calculator plugin for Notepad++",
			"author": "PlanetCNC",
			"homepage": "https://planet-cnc.com/notepad-plugin/"
		},
		{
			"folder-name": "ExtSettings",
			"display-name": "ExtSettings",
			"version": "1.2.1",
			"id": "fc25c8d22ad6aa750ff02960f8ac5c41712c9d9e7339f46cbbfaa0af24f02fbb",
			"repository": "https://sourceforge.net/projects/extsettings/files/v1.2.1/plugin/x64/ExtSettings_v1.2.1_x64.zip",
			"description": "Set various Scintilla settings which are not available via Notepad++ preferences dialog.",
			"author": "Andreas Heim",
			"homepage": "https://sourceforge.net/projects/extsettings"
		},
		{
			"folder-name": "FWDataViz",
			"display-name": "Fixed-width Data Visualizer",
			"version": "2.5.3.0",
			"npp-compatible-versions": "[8.4.1,]",
			"old-versions-compatibility": "[,2.4.0.1][8,8.2.1]",
			"id": "14c6b389ff6529795c61b2174d62fd3ab512eafe00ed1673d691a16dee2dfbf0",
			"repository": "https://github.com/shriprem/FWDataViz/releases/download/v2.5.3.0/FWDataViz_x64.zip",
			"description": "Fixed Width Data Visualizer adds Excel-like features for fixed-width data files in Notepad++. Displays cursor position data. Hop & Jump to specific fields. Field Copy & Field Paste. Data Extraction. Builtin dialogs to configure file-type, record-type & fields; and themes & colors. Automatic File Type Detection. Handles homogenous, mixed & multi-line records. Full Multi-byte character support. Darkmode enabled.",
			"author": "Shridhar Kumar",
			"homepage": "https://github.com/shriprem/FWDataViz"
		},
		{
			"folder-name": "GedcomLexer",
			"display-name": "GEDCOM Lexer",
			"version": "0.4.0.140",
			"id": "d1c492beccc3531efebd3c98a4e3159380283b6b84e55812979861a3d791c6ab",
			"repository": "https://sourceforge.net/projects/gedcomlexer/files/GedcomLexer-0.4.0-r140/GedcomLexer-0.4.0-r140-x64.zip",
			"description": "View and edit GEDCOM files with syntax highlighting of: level, xref id, tag, pointer, value and escape tokens. Customize coloration and font styles. Grammar errors are also highlighted. View GEDCOM files in outline mode by folding sections based on line level.",
			"author": "Stan Mitchell",
			"homepage": "https://sourceforge.net/projects/gedcomlexer/"
		},
		{
			"folder-name": "GitSCM",
			"display-name": "GitSCM",
			"version": "1.4.7.1",
			"id": "56c437a61edf660d088c8629886342dde9b6e592141d407c57929db1ac7ce538",
			"repository": "https://github.com/vinsworldcom/nppGitSCM/releases/download/1.4.7.1/GitSCM-v1.4.7.1-x64.zip",
			"description": "N++ Gui for already installed Git SCM for Windows. Optionally TortoiseGit.",
			"author": "Michael J. Vincent",
			"homepage": "https://github.com/vinsworldcom/nppGitSCM"
		},
		{
			"folder-name": "GotoLineCol",
			"display-name": "GotoLineCol",
			"version": "2.4.2.0",
			"npp-compatible-versions": "[8.4.2,]",
			"old-versions-compatibility": "[,2.2.0.1][,8.2.1]",
			"id": "afaa08a53ec8482875454cb1270ab4faf870e2fcefbed9c4e628ae0058920a12",
			"repository": "https://github.com/shriprem/Goto-Line-Col-NPP-Plugin/releases/download/v2.4.2.0/GotoLineCol_x64.zip",
			"description": "A plugin to navigate to a specified line and (byte-based or character-based) column position. Will also display character byte code, UTF-8 byte sequence & Unicode code point at cursor position. Darkmode enabled. Command line options.",
			"author": "Shridhar Kumar",
			"homepage": "https://github.com/shriprem/Goto-Line-Col-NPP-Plugin"
		},
		{
			"folder-name": "HexEditor",
			"display-name": "HEX-Editor",
			"version": "0.9.12.0",
			"npp-compatible-versions": "[8.3,]",
			"old-versions-compatibility": "[,0.9.11][,8.2.1]",
			"id": "8a5076ad37c1675b2848f5f34b25e4e78af454c441718cfddc663dee5f698bf9",
			"repository": "https://github.com/chcg/NPP_HexEdit/releases/download/0.9.12/HexEditor_0.9.12_x64.zip",
			"description": "Hex editor. Some reported issues, however many bugs fixed in latest release.",
			"author": "Jens Lorenz",
			"homepage": "https://github.com/chcg/NPP_HexEdit"
		},
		{
			"folder-name": "HTMLTag",
			"display-name": "HTML Tag",
			"version": "1.2.3.0",
			"npp-compatible-versions": "[8.3,]",
			"old-versions-compatibility": "[,1.1][,8.2.1]",
			"id": "ad24c57982e71d0629d8cfeb898d1a7b44dee832d3253c097ea47c688771fc05",
			"repository": "https://bitbucket.org/rdipardo/htmltag/downloads/HTMLTag_v123_x64.zip",
			"description": "Provides three core functions:\r\n- HTML and XML tag jumping, like the built-in brace matching (Ctrl+B / Shift+Ctrl+B), and selection\r\n of tags and/or contents.\r\n- HTML entity encoding/decoding (example: é to &eacute;)\r\n- JS character encoding/decoding (example: é to \\u00E9)",
			"author": "Martijn Coppoolse",
			"homepage": "https://bitbucket.org/rdipardo/htmltag/"
		},
		{
			"folder-name": "ImgTag",
			"display-name": "ImgTag",
			"version": "2.0.1",
			"id": "731d0fa26cea7057c694fb84364cd8f4905002c4e2e21bea2799b6ba6f0ab265",
			"repository": "https://github.com/chcg/ImgTag/releases/download/2.0.1.8/ImgTag_2.0.1.8_x64.zip",
			"description": "Insert IMG tags, in your HTML document, using the Open File dialog box to select image files.",
			"author": "salvom",
			"homepage": "https://sourceforge.net/projects/imgtag/"
		},
		{
			"folder-name": "IndentByFold",
			"display-name": "Indent By Fold",
			"version": "0.7.3",
			"id": "a37aec05fc51433495462768ac572f30519ea8119db558ba3d4608eba32cd957",
			"repository": "https://github.com/ffes/indentbyfold/releases/download/v0.7.3/IndentByFold-073-x64.zip",
			"description": "Indent using Fold points\r\nNote: Disable Notepad++'s Auto Indent in Settings - Preferences - MISC - Untick Auto Indent.",
			"author": "Ben Bluemel, Frank Fesevur",
			"homepage": "https://github.com/ffes/indentbyfold/"
		},
		{
			"folder-name": "NppJavaPlugin",
			"display-name": "Java Plugin",
			"version": "0.4.0",
			"id": "e2ac3bfd6fac22d6a977a82f725e3cc0949f59daa41153aba54c5bef3c87816e",
			"repository": "https://github.com/dominikcebula/npp-java-plugin/releases/download/v0.4.0/NppJavaPlugin_v0.4.0_x64.zip",
			"description": "Allows Java Code Compilation and Execution directly from Notepad++.",
			"author": "Dominik Cebula",
			"homepage": "https://github.com/dominikcebula/npp-java-plugin"
		},
		{
			"folder-name": "JsMapParser.NppPlugin",
			"display-name": "JavaScript Map Parser",
			"version": "4.2",
			"id": "87adc16dafdc1438fe9ab2a9377adb205bc1f75f00cc4541431afeb83240d8c3",
			"repository": "https://github.com/megaboich/js-map-parser/releases/download/4.2/JsMapParser_NppPlugin_4_2_x64.zip",
			"description": "Provides better JavaScript support. Provides a panel with hierarchy structure of functions in your js file.",
			"author": "Oleksandr Boiko",
			"homepage": "https://github.com/megaboich/js-map-parser/"
		},
		{
			"folder-name": "jN",
			"display-name": "jN Notepad++ Plugin",
			"version": "2.2.185.7",
			"npp-compatible-versions": "[8.4,]",
			"old-versions-compatibility": "[,2.2.185.7][,8.3.3]",
			"id": "ea840576098d168a57bd608c889d8d8a1e26e4d5547f97c3618ff03ebe6e7d83",
			"repository": "https://github.com/sieukrem/jn-npp-plugin/releases/download/2.2.185.7/jN_2.2.185.7_x64.zip",
			"description": "Allows you to extend Notepad++ by using JavaScript.\r\n- You can create new menu elements which execute JavaScript\r\n- You can use manu ActiveX components available on your PC\r\n- You can add shortcuts executing JavaScript\r\n- You can create HTML-based dialogs and docking windows\r\n- You can write JavaScript wrappers around Win32 API\r\n - Since version 2.0.116 you can debug your automating scripts\r\n - Selection highlighting and navigation bar\r\n - Integrated Zen Coding v0.7\r\n - You can catch context menu request and create your own",
			"author": "Eugen Kremer",
			"homepage": "https://github.com/sieukrem/jn-npp-plugin/wiki"
		},
		{
			"folder-name": "JSFunctionViewer",
			"display-name": "JSFunctionViewer",
			"version": "1.1.0",
			"id": "26b30ff8596a1ae8e277d65213bcb0f51e40acb49f26d956b6ba49e7046db219",
			"repository": "https://github.com/davidsover/nppJSFunctionViewer/releases/download/v1.1.0/JSFunctionViewer_x64.zip",
			"description": "Provides an easier way to view and/or navigate to functions from function calls. Also works with external files if the src attribute is the last attribute of the <script> tag. Select the name of a function to view it. Recommended: In the Find/Replace window (Ctrl+F), tick the 'Match case' and untick the 'Match whole word only' check box.",
			"author": "Sover David",
			"homepage": "https://github.com/davidsover/nppJSFunctionViewer"
		},
		{
			"folder-name": "NPPJSONViewer",
			"display-name": "JSON Viewer",
			"version": "1.40",
			"id": "0a6fd91c6457d64bf0bb2bdba91277c513a344db1b8d5f58e9f85312d358816d",
			"repository": "https://github.com/kapilratnani/JSON-Viewer/releases/download/v1.40/NPPJSONViewer_x64.zip",
			"description": "JSON viewer that displays the selected JSON string in a tree view.",
			"author": "Kapil Ratnani",
			"homepage": "https://github.com/kapilratnani/JSON-Viewer"
		},
		{
			"folder-name": "JSMinNPP",
			"display-name": "JSTool",
			"version": "1.2205.0",
			"id": "a83d5a5a9ac8c21a050f4d9297159d8e4717b5effcf8e8aacebe48eac8d14148",
			"repository": "https://sourceforge.net/projects/jsminnpp/files/Uni/JSToolNPP.1.2205.0.uni.64.zip",
			"description": "Javascript plugin.\r\n * Douglas Crockford's JSMin algorithm to minimize javascript code.\r\n * My own algorithm to format javascript code.\r\n * A JSON data viewer. This JSON data viewer can handle >10MB JSON file easily.\r\n * Support 64bit Notepad++ (from version 1.20.0).\r\nReally helpful to javascript coder on Notepad++ and really easy to use it.\r\nMade in China.",
			"author": "Sun Junwen",
			"homepage": "https://github.com/sunjw/jstoolnpp"
		},
		{
			"folder-name": "LanguageHelp",
			"display-name": "LanguageHelp",
			"version": "1.7.5.0",
			"id": "ba4aeafc0d35010a0fc8a65f800da95cfb60d94d211a86e27aec28f8ee299284",
			"repository": "https://github.com/francostellari/NppPlugins/raw/main/LanguageHelp/LanguageHelp_dll_1v75_x64.zip",
			"description": "Allows loading a language specific help file (CHM, HLP, PDF) and search for the keyword under the cursor.\r\nThe latest version allows showing the help files as menu entries or in the context menu.",
			"author": "Franco Stellari",
			"homepage": "https://github.com/francostellari/NppPlugins"
		},
		{
			"folder-name": "Linefilter3",
			"display-name": "Linefilter3",
			"version": "1.0.0.0",
			"id": "ecf5800b8e48e0dbcc84bbe494e515ab481a22b79b5ac596bdb2b8995baef5ed",
			"repository": "https://www.seelisoft.net/Linefilter3/Linefilter3_x64.zip",
			"description": "Allows filtering for a given text and display the matching lines in a new window.",
			"author": "SeeliSoft",
			"homepage": "https://www.seelisoft.net/Linefilter3/"
		},
		{
			"folder-name": "Linter",
			"display-name": "Linter",
			"version": "0.1.0.0",
			"id": "9e973e8c6d74cfc27f93ae8aedf169c4f83442c42042c519a4a3adfdb5e75292",
			"repository": "https://github.com/deadem/notepad-pp-linter/raw/v0.1.0.0/bin/x64/linter.zip",
			"description": "Allows realtime code check against any checkstyle-compatible linter: jshint, eslint, jscs, phpcs, csslint, and many others.",
			"author": "Vladimir Soshkin",
			"homepage": "https://github.com/deadem/notepad-pp-linter"
		},
		{
			"folder-name": "LocationNavigate",
			"display-name": "Location Navigate",
			"version": "0.4.8.1",
			"id": "b818c6d33ecbc6e240baec449d0cfe9af242b130833a657f64aedfaa41a4d413",
			"repository": "https://sourceforge.net/projects/locationnav/files/LocationNavigate_v0.4.8.1_x64.zip",
			"description": "Navigate between your last edit/view points. Useful for code/text edit and view, especially for many and large text files\r\n1. Automatically record the cursor position and modified points\r\n2. You can jump to any position that your cursor has visited.\r\n3. Can use shortcuts (Ctrl+- for previous position and Ctrl+Shift+- for next position) to jump forward and back in code\r\n4. Can jump to any modified points (Ctrl+Alt+Z) back and forward (Ctrl+Alt+Y)\r\n5. History positions are automatically adjusted when text is modified.\r\n6. Can record positions data when application exit and it will be loaded in next run.\r\n7. Can navigate only in current file",
			"author": "Austin Young",
			"homepage": "https://sourceforge.net/projects/locationnav/"
		},
		{
			"folder-name": "LuaScript",
			"display-name": "LuaScript",
			"version": "0.11",
			"npp-compatible-versions": "[,8.2.1]",
			"id": "5f6805134c6a542d946e6688e9a10b9ad4b917ec7db0acb96f6a1212e1e57951",
			"repository": "https://github.com/dail8859/LuaScript/releases/download/v0.11/LuaScript_v0.11_x64.zip",
			"description": "Adds Lua scripting capabilities. This provides control over all of Scintilla's features and options with a light-weight, fully-functional programming language.",
			"author": "Justin Dailey",
			"homepage": "https://github.com/dail8859/LuaScript"
		},
		{
			"folder-name": "NppMarkdownPanel",
			"display-name": "Markdown Panel",
			"version": "0.6.2",
			"id": "e5205e2a3975b0ff219eeca9aa5949143742772c69521ad6458f8c9d140e9426",
			"repository": "https://github.com/mohzy83/NppMarkdownPanel/releases/download/0.6.2/NppMarkdownPanel-0.6.2.0-x64.zip",
			"description": "Lightweight plugin to preview Markdown files with a good default style.",
			"author": "Mohzy83",
			"homepage": "https://github.com/mohzy83/NppMarkdownPanel"
		},
		{
			"folder-name": "MarkdownViewerPlusPlus",
			"display-name": "MarkdownViewer++",
			"version": "0.8.2",
			"id": "e343c52798d76ef91bba41821088cc3e199d475c7124571881b560b6a3ec4693",
			"repository": "https://github.com/nea/MarkdownViewerPlusPlus/releases/download/0.8.2/MarkdownViewerPlusPlus-0.8.2-x64.zip",
			"description": "View Markdown/CommonMark compliant text files rendered on-the-fly directly in Notepad++ in a docked panel.\r\nExport the rendered result as HTML or PDF and configure the file extensions to be rendered.",
			"author": "nea",
			"homepage": "https://nea.github.io/MarkdownViewerPlusPlus/"
		},
		{
			"folder-name": "MenuIcons",
			"display-name": "MenuIcons",
			"version": "1.2.5",
			"id": "6f2b909cf2468a1a16b443d004cad107e56a67a7e56dcb6f39792bbbfaacfbdc",
			"repository": "https://github.com/francostellari/NppPlugins/raw/main/MenuIcons/MenuIcons_dll_1v25_x64.zip",
			"description": "Allows adding icons to both main and context menu. Several options are available to load the icons from a folder. More than provide a full set of icons, it's design to enable people to create their own set of icon themes. Note: Does not work correctly in WinXP.",
			"author": "Franco Stellari",
			"homepage": "https://github.com/francostellari/NppPlugins"
		},
		{
			"folder-name": "Merge files in one",
			"display-name": "Merge files in one",
			"version": "1.2.0.0",
			"id": "eab174d0f5926a64a75978c7efe2ff508c9bb7c13f7c97eb8bb410afa8604fed",
			"repository": "https://github.com/gurikbal/Merge-files-in-one/releases/download/1.2.0.0/Merge.files.in.one_x64.zip",
			"description": "Copy lines from multiple files into one.",
			"author": "G. Singh",
			"homepage": "https://github.com/gurikbal/Merge-files-in-one"
		},
		{
			"folder-name": "mimeTools",
			"display-name": "Mime tools",
			"version": "2.8",
			"npp-compatible-versions": "[8.4,]",
			"id": "ed5133f8a0552e974135ada78a0260581be979f916ddbcd45697d2a1a1b8f280",
			"repository": "https://github.com/npp-plugins/mimetools/releases/download/v2.8/mimetools.v2.8.x64.zip",
			"description": "Implements several main functionalities defined in MIME (Multipurpose Internet Mail Extensions).",
			"author": "Don HO",
			"homepage": "https://github.com/npp-plugins/mimetools"
		},
		{
			"folder-name": "MusicPlayer_1.0.11x64",
			"display-name": "MusicPlayer",
			"version": "1.0.0.3",
			"id": "beff62a207cceb47be805a4c32f8e791cf61bc3338e7bb13308dd0358354f439",
			"repository": "https://github.com/gallettube/MusicPlayer/releases/download/1.0.11/MusicPlayer_1.0.11x64.dll.zip",
			"description": "Open and play music files.\r\nSupports: *.wav, *.mp3, *.aiff, *.wma",
			"author": "Jon Galletero",
			"homepage": "https://sourceforge.net/projects/nppmusicplayer"
		},
		{
			"folder-name": "MZC8051",
			"display-name": "MZC8051",
			"version": "0.0.1",
			"id": "70c0a56a16fe9334ba2c7468dda6cd64a09eab14fcbd3134b8bb6f29d96d1e70",
			"repository": "https://github.com/Jiangshan00001/npp_MZC8051/releases/download/0.0.1/MZC8051_x64.zip",
			"description": "a 8051 c compiler plugin within notepad++.",
			"author": "Jiangshan00001",
			"homepage": "https://github.com/Jiangshan00001/npp_MZC8051"
		},
		{
			"folder-name": "NavigateTo",
			"display-name": "NavigateTo",
			"version": "1.12.7.0",
			"id": "5498da772d1464d63874f3eb2387875ac3885f543528f844eebb048bfecedbc9",
			"repository": "https://github.com/young-developer/nppNavigateTo/releases/download/v.1.12.7/NavigateTo_v.1.12.7_v142_x64.zip",
			"description": "Do you have more then 10 open tabs? Then this plugin is for you.\r\nNew and efficient way to quickly navigate between tabs (files). Allows you to search for a symbol or filename, filepath by matching against a keyword you type, and get a real-time preview while going through the search results with the Shift key.\r\nAnd YES, you can uncheck the Multi-line option, in the Preferences &gt; General &gt; Tab Bar zone because you don’t need the multi-lines tab feature anymore :)\r\nAuthor: Oleksii Maryshchenko\r\nEmail: oleksii.maryshchenko@gmail.com",
			"author": "Oleksii Maryshchenko",
			"homepage": "https://github.com/young-developer/nppNavigateTo"
		},
		{
			"folder-name": "NewFileBrowser",
			"display-name": "NewFileBrowser",
			"version": "0.1.5",
			"id": "4b900825a588625cf51f6d4cc9b572c9399b1d7fa34d6f668c96aa5e4181eb62",
			"repository": "https://sourceforge.net/projects/locationnav/files/NewFileBrowser_v0.1.5_x64.zip",
			"description": "Define 20 new file's initial text and have an inner web browser which can run current file.",
			"author": "Austin Young",
			"homepage": "https://sourceforge.net/projects/locationnav/"
		},
		{
			"folder-name": "NppBplistPlugin",
			"display-name": "Notepad++ bplist plugin",
			"version": "1.3.0.0",
			"id": "3f948e0a5a1871b04c7df3df38b272d1b3c2c2a9005d9d4e994868fd5308b0f2",
			"repository": "https://github.com/azerg/NppBplistPlugin/releases/download/1.3.0.0/NppBplistPlugin_x64.zip",
			"description": "Supports viewing/editing binary plist files. Due to the fact that ordinary plist files have XML format, this plugin does not support them. It only loads binary plist files (bplist).",
			"author": "azerg",
			"homepage": "https://github.com/azerg/NppBplistPlugin"
		},
		{
			"folder-name": "NppPluginDemo",
			"display-name": "Notepad++ Plugin Demo",
			"version": "4.2",
			"id": "afa33fe958a907c2b80c0e8ae26deaea533455a2a2826f30a9b46fba0ba59941",
			"repository": "https://github.com/npp-plugins/plugindemo/releases/download/v4.2/pluginDemo.v4.2.bin.x64.zip",
			"description": "Notepad++ Plugin Demo is written from Notepad++ Plugin Template to demonstrate the usage of plugin API.",
			"author": "Don HO",
			"homepage": "https://npp-user-manual.org/docs/plugins/"
		},
		{
			"folder-name": "NppPluginTemplate",
			"display-name": "Notepad++ Plugin Template",
			"version": "4.2",
			"id": "08b0a0faf7e044115f494b15d8151dab667a6cebad15993ba3314dcf9d168e3c",
			"repository": "https://github.com/npp-plugins/plugintemplate/releases/download/v4.2/pluginTemplate.v4.2.bin.x64.zip",
			"description": "Template for making plugin development as easy and simple as possible. Four steps and it's done.",
			"author": "Don HO",
			"homepage": "https://npp-user-manual.org/docs/plugins/"
		},
		{
			"folder-name": "NotepadStarterPlugin",
			"display-name": "NotepadStarterPlugin",
			"version": "2.3.3.0",
			"id": "64f07762c09ebd4c81533ebbd16556d57fdaef29cf35722453b7e0da9131e761",
			"repository": "https://github.com/lygstate/NotepadStarter/releases/download/2.3.3.0/NotepadStarter_2.3.3.0_x64.zip",
			"description": "When it is installed as a Notepad++ plugin or running NotepadStarter.exe in the Notepad++ app directory, it will automatically replace the system default notepad.exe application with Notepad++ (without need to remove anything from the Windows system.). It's tested under Windows 7, but Windows XP should also work.",
			"author": "Yonggang Luo",
			"homepage": "https://github.com/lygstate/NotepadStarter/"
		},
		{
			"folder-name": "nppConverter",
			"display-name": "Npp Converter",
			"version": "4.4.0",
			"npp-compatible-versions": "[8.3,]",
			"old-versions-compatibility": "[,4.3][,8.2.1]",
			"id": "e7eafbac35d91572aa93c5fd6a8a957669b50d0160aa2e35e9e632e2ac6ab63d",
			"repository": "https://github.com/npp-plugins/converter/releases/download/v4.4/nppConvert.v4.4.x64.zip",
			"description": "ASCII<->Hex converter.",
			"author": "Don HO",
			"homepage": "https://github.com/npp-plugins/converter/"
		},
		{
			"folder-name": "nppRandomStringGenerator",
			"display-name": "npp Random String Generator",
			"version": "1.4.0",
			"id": "5ee26c055ee57c7a4ec584a006dbfb190f57ab9328fa562136c8c5e9b174c9f6",
			"repository": "https://github.com/cmbsolutions/nppRandomStringGenerator/releases/download/v1.4.0/nppRandomStringGenerator.1.4.0.x64.zip",
			"description": "Generates random strings with configurable output.",
			"author": "Maurice CMBSolutions",
			"homepage": "https://github.com/cmbsolutions/nppRandomStringGenerator"
		},
		{
			"folder-name": "NppXmlTreeviewPlugin",
			"display-name": "Npp Xml Treeview",
			"version": "2.0.0",
			"id": "27df1ceb95cf2726622d27d35e1939e9d66625917509eebdf92163e24eaedbd8",
			"repository": "https://github.com/joaoasrosa/nppxmltreeview/releases/download/v2.0.0/NppXMLTreeViewPlugin_x64.zip",
			"description": "Treeview visualization for XML files.",
			"author": "João Rosa",
			"homepage": "https://github.com/joaoasrosa/nppxmltreeview/"
		},
		{
			"folder-name": "npp.connections",
			"display-name": "npp.Connections",
			"version": "1.0.1",
			"id": "fa100d472692604977d83feb96d0cfe7efa9650586d8e3f9d5e7fef2f0318be4",
			"repository": "https://github.com/vladk1973/npp.connections/releases/download/v1.0.1/npp.connections-1.0.1-x64.zip",
			"description": "This plugin allows Notepad++ to connect to MS SQL or Sybase servers. ODBC data sources, like a MySql Driver, are also supported",
			"author": "Vladimir Korobenkov",
			"homepage": "https://github.com/vladk1973/npp.connections"
		},
		{
			"folder-name": "nppcrypt",
			"display-name": "NppCrypt",
			"version": "1.0.1.6",
			"id": "37d04936e9f4c33e6232a1333e405d19a7d5c32a26faef8e1172ff84a7930a6a",
			"repository": "https://github.com/jeanpaulrichter/nppcrypt/releases/download/1.0.1.6/nppcrypt_1.0.1.6_x64.zip",
			"description": "Encryption/decryption with various block ciphers, hash-algorithms, random-characters, encoding with Base-16/32/64.",
			"author": "Jean Paul Richter",
			"homepage": "https://github.com/jeanpaulrichter/nppcrypt"
		},
		{
			"folder-name": "NppEventExec",
			"display-name": "NppEventExec",
			"version": "0.9.0",
			"id": "d568c595498d394a2241afccf0ec6e5286e991e293a1b6bfb0b26602b6def043",
			"repository": "https://github.com/MIvanchev/NppEventExec/releases/download/v0.9.0/NppEventExec-plugin-x64-0.9.0.zip",
			"description": "Allows automatically executing NppExec scripts on Notepad++ events. You can use it, for example, to format and compile source code.",
			"author": "Mihail Ivanchev",
			"homepage": "https://github.com/MIvanchev/NppEventExec"
		},
		{
			"folder-name": "NppExec",
			"display-name": "NppExec",
			"version": "0.8.0",
			"id": "42688e8618f3de68ac3cb48ac6bdb980df852487baea0b19fbdebe1524c10904",
			"repository": "https://github.com/d0vgan/nppexec/releases/download/v08/NppExec_08_dll_x64.zip",
			"description": "Execute commands or saved scripts without leaving Notepad++.",
			"author": "Vitaliy Dovgan",
			"homepage": "https://github.com/d0vgan/nppexec"
		},
		{
			"folder-name": "NppExport",
			"display-name": "NppExport",
			"version": "0.4.0.0",
			"npp-compatible-versions": "[8.3,]",
			"old-versions-compatibility": "[,0.3][,8.2.1]",
			"id": "f3dfd41470616c83de44badb7f07e5bcc8d591069cdae0be3e745dd0e4ee90f4",
			"repository": "https://github.com/chcg/NPP_ExportPlugin/releases/download/0.4.0/NppExport_0.4.0_x64.zip",
			"description": "True WYSIWYG exporter. Allows you not only to save your source code as an HTML/RTF file, but also to copy your source code in the clipboard in RTF/HTML format, so you can paste it into your word processor (Openoffice.org Writer, LibreOffice Writer, Abiword, MS Word) to get the same visual effect.",
			"author": "",
			"homepage": "https://github.com/chcg/NPP_ExportPlugin"
		},
		{
			"folder-name": "NppFavorites",
			"display-name": "NppFavorites",
			"version": "1.0.0.1",
			"id": "e134ab7cd6e7fe95410b5ebfa8ff648d44142a06daf43bbcf93fb26e4148465b",
			"repository": "https://github.com/heldersepu/nppfavorites/releases/download/1.0.0.1.21/NppFavorites_1.0.0.1.21_x64.zip",
			"description": "Favorites plugin.\r\nNotepad++ does not come with favorites. This is a simple solution to that problem.",
			"author": "Helder Sepulveda",
			"homepage": "https://github.com/heldersepu/nppfavorites"
		},
		{
			"folder-name": "NppFTP",
			"display-name": "NppFTP",
			"version": "0.29.9",
			"id": "a069ea064b08a24d30561981f22f50c5ebd1730843ad8c4276eb810e047d69c8",
			"repository": "https://github.com/ashkulz/NppFTP/releases/download/v0.29.9/NppFTP-x64.zip",
			"description": "Allows FTP, FTPS, FTPES, and SFTP communications. Very useful for web development.",
			"author": "ashish_kulz",
			"homepage": "https://ashkulz.github.io/NppFTP/"
		},
		{
			"folder-name": "NppGist",
			"display-name": "NppGist",
			"version": "1.5.1.35",
			"id": "017327c0ec9115707f2db8698ce3193e3d315c4f301e2320a28391d52f6684a5",
			"repository": "https://github.com/KvanTTT/NppGist/releases/download/1.5.1/NppGist-x64-1.5.1.35.zip",
			"description": "Allows working with GitHub Gist (create, edit, remove, rename).",
			"author": "Ivan Kochurkin (KvanTTT)",
			"homepage": "https://github.com/KvanTTT/NppGist"
		},
		{
			"folder-name": "NppGTags",
			"display-name": "NppGTags",
			"version": "5.0.0",
			"npp-compatible-versions": "[8.4.1,]",
			"old-versions-compatibility": "[,4.5.0][,8.3.3]",
			"id": "84024d143a6ae36e8f0be3f25389657b68f17c76af4e87a503662760f27bd062",
			"repository": "https://github.com/pnedev/nppgtags/releases/download/v5.0.0/NppGTags_v5.0.0_x64.zip",
			"description": "Front-end to GNU Global source code tagging system (GTags). Provides code indexing and search/navigation tools for various languages.",
			"author": "Pavel Nedev",
			"homepage": "https://github.com/pnedev/nppgtags"
		},
		{
			"folder-name": "NppJumpList",
			"display-name": "NppJumpList",
			"version": "1.2.2",
			"id": "e3fe5b5de456fae8e66b42c8d1a1848a02db0a009a2978cb6c39afecee39b596",
			"repository": "https://github.com/chcg/JumpList/releases/download/1.2.2.10/NppJumpList_1.2.2.10_x64.zip",
			"description": "Adds Windows 7 jump list support.",
			"author": "ahvgeezer",
			"homepage": "https://sourceforge.net/projects/nppjumplist/"
		},
		{
			"folder-name": "NppMenuSearch",
			"display-name": "NppMenuSearch",
			"version": "0.9.6",
			"id": "7CA7BD5BB9D9FB6CB2CB54804F4BC7CC7C3E319D09ECBA761058C99E3ACC7870",
			"repository": "https://sourceforge.net/projects/nppmenusearch/files/v0.9.6/NppMenuSearch_v0.9.6_x64.zip",
			"description": "Adds a text field to the toolbar for searching menu items and preference dialog options.",
			"author": "Peter Frentrup",
			"homepage": "https://github.com/peter-frentrup/NppMenuSearch"
		},
		{
			"folder-name": "NppDocShare",
			"display-name": "NppNetNote",
			"version": "0.1.0.0",
			"id": "01e16cdf85f5c5b10c0952f7997d9b963ea61fcdcdc02c082047e1885c976e59",
			"repository": "https://github.com/chcg/NppDocShare/releases/download/0.1.13/NppDocShare_0.1.13_x64.zip",
			"description": "Allows the same document to be edited in real time on two different computers. Only needs a network connection between the two.",
			"author": "Harrybharry",
			"homepage": "https://sourceforge.net/projects/npp-plugins/files/NppDocShare/"
		},
		{
			"folder-name": "NppPluginOpenHost",
			"display-name": "NppPluginOpenHost",
			"version": "1.1.0.0",
			"id": "d1fc3584f66cbe28bb21c39e95374f7602a6d1d14ae5c5458eb2a59bc1ead36e",
			"repository": "https://github.com/jejemorg/NppPluginOpenHost/releases/download/1.1/NppPluginOpenHost.zip",
			"description": "Allow to open Host file on Windows",
			"author": "jejemorg",
			"homepage": "https://github.com/jejemorg/NppPluginOpenHost/"
		},
		{
			"folder-name": "NppQrCode64",
			"display-name": "NppQrCode",
			"version": "0.0.0.1",
			"id": "b44a33976e8d199433eb5de8f896e86cdd67c2360a90192263e8c7c335c9725b",
			"repository": "https://github.com/vladk1973/NppQrCode/releases/download/v0.0.0.1/NppQrCode-0.0.0.1-x64.zip",
			"description": "Creates QR-Code from selected text. Just select the text and push plugin button.",
			"author": "Vladimir Korobenkov",
			"homepage": "https://github.com/vladk1973/NppQrCode"
		},
		{
			"folder-name": "NppRegExTractorPlugin",
			"display-name": "NppRegExTractor",
			"version": "2.1.0",
			"id": "c3fc8f2f2c00036f87cae793c1bac21f5aff6bf0e3c6851e6bf477701ec316dc",
			"repository": "https://github.com/viper3400/NppRegExTractor/releases/download/2.1.0/NppRegExTractor_2.1.0_BUILD_6_x64.zip",
			"description": "Search one or more regular expression in one or more different files and get XML search results.",
			"author": "Jan Graefe",
			"homepage": "https://github.com/viper3400/RegExTractor/wiki/de_userdocumentation"
		},
		{
			"folder-name": "NppTags",
			"display-name": "NppTags",
			"version": "0.9.1",
			"id": "313cc5e1c50f2cc7786c08bda36122abf5e0fb95522ab55ba2058ca8ae71351e",
			"repository": "https://github.com/ffes/npptags/releases/download/v0.9.1/NppTags-091-x64.zip",
			"description": "NppTags is a Universal Ctags plug-in to browse through your sources easily and lets you jump to a selected function / variable / class / etc in your code by pressing just one key.",
			"author": "Frank Fesevur",
			"homepage": "https://www.fesevur.com/npptags"
		},
		{
			"folder-name": "NppTextViz",
			"display-name": "NppTextViz",
			"version": "0.4.2",
			"id": "e38604c79ab7d0883e0c3b2ba5b8bf82a6b58e4862694414b3cdd2fdd23e8086",
			"repository": "https://github.com/KubaDee/NppTextViz/releases/download/v0.4.2/NppTextViz_x64_v0.4.2.zip",
			"description": "Hide or show lines to help analyse larger files - logs for example. Can hide all lines that contain text pattern. Or simply select several lines and hide them. Based on TextFX plugin v0.25 by Chris Severance.",
			"author": "Jakub Dvorak",
			"homepage": "https://github.com/KubaDee/NppTextViz"
		},
		{
			"folder-name": "NppUISpy",
			"display-name": "NppUISpy",
			"version": "1.0.4",
			"id": "a9b71baa8cd0ab25c68575a539f234a1b247ff47418845a61d50dfbb11e9eb79",
			"repository": "https://github.com/dinkumoil/NppUISpy/releases/download/v1.0.4/NppUISpy_v1.0.4_x64.zip",
			"description": "Determine the menu command ID's of Notepad++ menu items and toolbar buttons.",
			"author": "Andreas Heim",
			"homepage": "https://github.com/dinkumoil/NppUISpy"
		},
		{
			"folder-name": "nppplugin_ofis2",
			"display-name": "Open File In Solution",
			"version": "3.0.1",
			"id": "26EAD2ED387F77AD416DF8D40729D10619BF740B37DD1709A8728AEDEDCB8B38",
			"repository": "https://github.com/incrediblejr/nppplugins/releases/download/v3.0.1/nppplugin_ofis2_x64.zip",
			"description": "Lets you index specific folders and possible specific types of resources (XML, CPP, PY files) for a fast indexing of files.",
			"author": "IncredibleJunior",
			"homepage": "https://www.incrediblejunior.com/npp_plugins/"
		},
		{
			"folder-name": "NWScript-Npp",
			"display-name": "NWScript Tools",
			"version": "1.0.3.1950",
			"npp-compatible-versions": "[8.3,]",
			"id": "3e909c0f844fc31ea54b719e289639733be29128d9a7ccf88433008ff4d0dd36",
			"repository": "https://github.com/Leonard-The-Wise/NWScript-Npp/releases/download/v1.0.3/nwscript-npp.v1.0.3-x64.zip",
			"description": "View, edit and compile Bioware's NWScript files with this plugin. Use customized color-syntax for your personalized tokens and also for engine-defined ones. Can disassemble compiled scripts and build makefile dependencies. Also has a feature to process files in configurable batches.",
			"author": "Leonard-The-Wise",
			"homepage": "https://github.com/Leonard-The-Wise/NWScript-Npp"
		},
		{
			"folder-name": "OpenSelection",
			"display-name": "OpenSelection",
			"version": "1.1.3.0",
			"id": "e9ba624a9e1e99cf05a46f33c5efae9426b1ad2c8e094c1803535c9e9b070dad",
			"repository": "https://github.com/francostellari/NppPlugins/raw/main/OpenSelection/OpenSelection_dll_1v13_x64.zip",
			"description": "Open files based on the selected text. A typical applications is 'include' files of may types of programs. Another applications is to open Matlab functions. Can be customized for different languages based on the open file extension. Multiple search folders may be specified along with multiple extensions.",
			"author": "Franco Stellari",
			"homepage": "https://github.com/francostellari/NppPlugins"
		},
		{
			"folder-name": "Papyrus",
			"display-name": "Papyrus Script Lexer",
			"version": "0.4.0.27",
			"npp-compatible-versions": "[8.3,]",
			"old-versions-compatibility": "[,0.2.3.23][,8.2.1]",
			"id": "296a2b0eca67e39fb361f600a25a44b51005dd7ad47c7df505fd2949b6f7ece0",
			"repository": "https://github.com/blu3mania/npp-papyrus/releases/download/v0.4.0/PapyrusPlugin-v0.4.0-x64.zip",
			"description": "View and edit Papyrus Script files used by Bethesda games with syntax highlighting, function and block folding, hyperlinks to referenced scripts, keywords matching, plus compilation support with anonymized output and error list view.",
			"author": "blu3mania",
			"homepage": "https://github.com/blu3mania/npp-papyrus"
		},
		{
			"folder-name": "PlantUmlViewer",
			"display-name": "PlantUML Viewer",
			"version": "1.2.0.6",
			"npp-compatible-versions": "[8.3,]",
			"id": "2a9e14f5b8c16bcba9c3246526fdcf0c5c5cacd7a1fffcf1a64c6de1e6765247",
			"repository": "https://github.com/Fruchtzwerg94/PlantUmlViewer/releases/download/1.2.0.6/PlantUmlViewer_v1.2.0.6_x64.zip",
			"description": "A Notepad++ plugin to generate view and export PlantUML diagrams.",
			"author": "Philipp Schmidt",
			"homepage": "https://github.com/Fruchtzwerg94/PlantUmlViewer"
		},
		{
			"folder-name": "PoorMansTSqlFormatterNppPlugin",
			"display-name": "Poor Man's T-Sql Formatter",
			"version": "1.6.13.31508",
			"id": "ea99ec04ba73f027b92f086d2345efb544ef62a922e4755fab7f875b49803bb2",
			"repository": "https://github.com/TaoK/PoorMansTSqlFormatter/releases/download/1.6.13/SqlFormatterNppPlugin.x64.1.6.13.zip",
			"description": "Simple SQL formatter performing full multi-batch T-SQL formatting (individual statements, stored procedures, any DML, any DDL) with numerous formatting options.",
			"author": "Tao Klerks",
			"homepage": "http://architectshack.com/PoorMansTSqlFormatter.ashx"
		},
		{
			"folder-name": "pork2sausage",
			"display-name": "Pork to Sausage",
			"version": "2.2",
			"id": "bd312fea448dd8310f89f2afb5e94a74a0d5029b988f4cc84a397bd22bf4de08",
			"repository": "https://github.com/npp-plugins/pork2sausage/releases/download/v2.2/pork2sausage.2.2.bin.x64.zip",
			"description": "Pass any selected text to any command line program as input and take the output (the result of program) to replace the selected text.",
			"author": "Don HO",
			"homepage": "https://github.com/npp-plugins/pork2sausage"
		},
		{
			"folder-name": "PreviewHTML",
			"display-name": "Preview HTML",
			"version": "1.3.2.0",
			"id": "127dbdd677b5f3f75661f06e67e4e2b35cb5e926863b6268a51c11e72a08f8ec",
			"repository": "https://fossil.2of4.net/npp_preview/zip/PreviewHTML64.zip%3Fname%3D%26uuid%3Dv1.3.2.0-64",
			"description": "Preview HTML files inside Notepad++ (or in a floating window) without having to save them first.",
			"author": "Martijn Coppoolse",
			"homepage": "https://fossil.2of4.net/npp_preview"
		},
		{
			"folder-name": "Python Indent",
			"display-name": "Python Indent",
			"version": "1.0.0.4",
			"npp-compatible-versions": "[8.3,]",
			"old-versions-compatibility": "[,1.0.0.3][,8.2.1]",
			"id": "e3d4c0b96d4cc5da8d3a3f900d97aa17a9563c13c4c2f20eea01cda399cbf91c",
			"repository": "https://sourceforge.net/projects/kered13-notepad-plugins/files/Python%20Indent%20x64%20v1.0.0.4.zip",
			"description": "Python auto-indent plugin.",
			"author": "Derek Brown",
			"homepage": "https://sourceforge.net/projects/kered13-notepad-plugins/"
		},
		{
			"folder-name": "PythonScript",
			"display-name": "PythonScript",
			"version": "2.0.0.0",
			"npp-compatible-versions": "[8.3,]",
			"old-versions-compatibility": "[,1.5.4][,8.2.1]",
			"id": "5bbacf656181adfb05b645f57634225c29e8d8ae1c6bec7842f2ff47958cfcd8",
			"repository": "https://github.com/bruderstein/PythonScript/releases/download/v2.0.0/PythonScript_Full_2.0.0.0_x64_PluginAdmin.zip",
			"description": "Python Script plugin.",
			"author": "Dave Brotherstone + Jocelyn Legault",
			"homepage": "https://github.com/bruderstein/PythonScript"
		},
		{
			"folder-name": "QuickText",
			"display-name": "QuickText",
			"version": "0.2.4.1",
			"npp-compatible-versions": "[8.3,]",
			"old-versions-compatibility": "[,0.2.3.1][,8.2.1]",
			"id": "6b3d35de2822ce47d3a7cc7a4c26885f253ac26ef09a58e5b820ff3eb0a6dc99",
			"repository": "https://github.com/vinsworldcom/nppQuickText/releases/download/0.2.4.1/QuickText-v0.2.4.1-x64.zip",
			"description": "Quick text substitution, including multi-field inputs. Similar to Tab Triggers in TextMate.",
			"author": "Joao Moreno, Jing Teng",
			"homepage": "https://github.com/vinsworldcom/nppQuickText"
		},
		{
			"folder-name": "RandomValuesNppPlugin",
			"display-name": "Random Values",
			"version": "0.2.1",
			"id": "b404204c47e5eccf621701c529499bf989b8a8adfb69a6d2cdfbcb5ff60ab3be",
			"repository": "https://github.com/BdR76/RandomValuesNPP/releases/download/0.2.1/RandomValuesNppPlugin_x64.zip",
			"description": "Random values generator for passwords or test data. Generate single value string, int, decimal, datetime, guid or csv, xml, json, sql.",
			"author": "Bas de Reuver",
			"homepage": "https://github.com/BdR76/RandomValuesNPP/"
		},
		{
			"folder-name": "rdmd-en-x64",
			"display-name": "RDMD for Notepad++ (English)",
			"version": "0.1.0.2",
			"id": "1832f91c9e833591310c3cfb1c66183f3796301f88435ed2f540c9ae93fa5cf7",
			"repository": "https://gitlab.com/dokutoku/rdmd-for-npp/uploads/d8a2c4156c0a9dea4726a247e692a8bd/rdmd-en-x64.zip",
			"description": "Runs rdmd in Notepad++ (English).",
			"author": "dokutoku",
			"homepage": "https://gitlab.com/dokutoku/rdmd-for-npp"
		},
		{
			"folder-name": "rdmd-ja-x64",
			"display-name": "RDMD for Notepad++ (Japanese)",
			"version": "0.1.0.2",
			"id": "59384c0f0b79a5342399e0eae2703608b3d15ab282530b3b91a76faf2108c253",
			"repository": "https://gitlab.com/dokutoku/rdmd-for-npp/uploads/8a16e1c6384fb6f14e12bf58ce6741f7/rdmd-ja-x64.zip",
			"description": "Runs rdmd in Notepad++ (Japanese).",
			"author": "dokutoku",
			"homepage": "https://gitlab.com/dokutoku/rdmd-for-npp"
		},
		{
			"folder-name": "RegexTrainer",
			"display-name": "Regex Trainer",
			"version": "1.0.0",
			"id": "9b1c3302e1bfc7dcd51d4df3915e4d9acbab7a94455b3ac5021da93394b4e91a",
			"repository": "https://github.com/ahmoylaw/RegexTrainer-Descriptions/raw/master/Release-x64/RegexTrainer.zip",
			"description": "Regex Trainer (based on net framework 4) that supports a complex regular expression.",
			"author": "Ahmoy Law",
			"homepage": "https://github.com/ahmoylaw/RegexTrainer-Descriptions"
		},
		{
			"folder-name": "Remove Duplicate Lines",
			"display-name": "Remove Duplicate Lines",
			"version": "1.3.0.0",
			"id": "f90bf1803e703c0a10cfa9fb022e914628e2abd4c23e666e6b9a4e11bcf0464f",
			"repository": "https://github.com/gurikbal/Remove_dup_lines/releases/download/1.3.0.2/Remove_dup_lines_x64.zip",
			"description": "Remove duplicate lines without removing empty lines.",
			"author": "G. Singh",
			"homepage": "https://github.com/gurikbal/Remove_dup_lines"
		},
		{
			"folder-name": "RestApiToText",
			"display-name": "RestApiToText",
			"version": "1.3.1.0",
			"id": "f8f2d1e5793b6f07af86abe629db12385067743c8366a33f527ece2489c1dff2",
			"repository": "https://github.com/eljefe7000/RestApiToText/raw/master/x64/Release/v1.3.1.0/RestApiToText.zip",
			"description": "Make REST API calls using content from an editor tab, then see the results in a new tab.\r\nUseful when you want to test a REST API or store the results of a REST call, without the need for an external REST tool.",
			"author": "Jeffrey Smith",
			"homepage": "https://github.com/eljefe7000/RestApiToText"
		},
		{
			"folder-name": "qkNppReverseLines",
			"display-name": "Reverse Lines",
			"version": "1.0.0.0",
			"id": "d4b4d9aa51080bf1e829ca124ab5484247a034524f625c55b8d2c261676352bb",
			"repository": "https://github.com/querykuma/qkNppReverseLines/releases/download/v1.0.0.0/qkNppReverseLinesPlugin_v1.0.0.0_npp7.7_x64.zip",
			"description": "Reverse lines in the selection or document. It works like the unix tac command.",
			"author": "Query Kuma",
			"homepage": "https://github.com/querykuma/qkNppReverseLines"
		},
		{
			"folder-name": "RunMe",
			"display-name": "RunMe",
			"version": "1.4.1.0",
			"id": "f49e2cd6796a5a1b49655aaa1ba5c3574fbfa0b33e51d9a585cbf0603be27e78",
			"repository": "https://github.com/francostellari/NppPlugins/raw/main/RunMe/RunMe_dll_1v41_x64.zip",
			"description": "Execute the currently open file, based on its shell association. Also allows opening an explorer or command shell at the file location. Options are available to save the current file (or all files) before execution. The executed file can be run in foreground, background, or hidden mode. Context menu entries and tool bar icons are available.",
			"author": "Franco Stellari",
			"homepage": "https://github.com/francostellari/NppPlugins"
		},
		{
			"folder-name": "NppSaveAsAdmin",
			"display-name": "Save as admin",
			"version": "1.0.211",
			"id": "69915004273de2fdddbd97b43cf5fec07ced3842c88031416bdb55cd91089ab8",
			"repository": "https://github.com/Hsilgos/nppsaveasadmin/releases/download/1.0.211/NppSaveAsAdmin_1.0.211_x64.zip",
			"description": "Allows saving file as administrator with Windows UAC prompt.",
			"author": "Yauheni Khnykin",
			"homepage": "https://github.com/Hsilgos/nppsaveasadmin"
		},
		{
			"folder-name": "SecurePad",
			"display-name": "SecurePad",
			"version": "2.4",
			"npp-compatible-versions": "[8.3,]",
			"old-versions-compatibility": "[,2.2][,8.2.1]",
			"id": "4e565cb4417ad2ff5c5db19dd6f0bacdf90a8bf268c9f54d1693e9c50526ffa8",
			"repository": "https://github.com/DominicTobias/SecurePad/releases/download/v2.4/SecurePad_v2.4_x64.zip",
			"description": "Encrypt/decrypt whole documents or selected text with your own key. Useful for storing sensitive information like logins that you don't want lying around in a plaintext file.",
			"author": "Dominic Tobias",
			"homepage": "https://github.com/DominicTobias/SecurePad"
		},
		{
			"folder-name": "selectNLaunch",
			"display-name": "Select N' Launch",
			"version": "2.1",
			"id": "15a2af2d2904c4e1674e52fd0a8eba34b3dacea0b7e911a380af9eae2282db3f",
			"repository": "https://github.com/npp-plugins/selectnlaunch/releases/download/v2.1/selectNLaunch.v2.1.bin.x64.zip",
			"description": "Get the selected text, save it as file with the extension you customized in the system temporary directory, then call system to open it with the extension-associated program.",
			"author": "Don HO",
			"homepage": "https://github.com/npp-plugins/selectnlaunch"
		},
		{
			"folder-name": "SelectToClipboard",
			"display-name": "Select to Clipboard",
			"version": "1.0.3",
			"npp-compatible-versions": "[8.3,]",
			"old-versions-compatibility": "[,1.0.2][,8.2.1]",
			"id": "b5dfc0dbfea79cb609d7f6a522e824a1b3ea9ecc471c215eaf28a846906e93c5",
			"repository": "https://github.com/KubaDee/SelectToClipboard/releases/download/v1.0.3/SelectToClipboard_x64_v1.0.3.zip",
			"description": "Auto copy selected text to clipboard. You can automatically copy selected text like in PuTTY (or similar) terminal application.",
			"author": "Jakub Dvorak",
			"homepage": "https://github.com/KubaDee/SelectToClipboard"
		},
		{
			"folder-name": "SelectQuotedText",
			"display-name": "SelectQuotedText",
			"version": "1.0.0",
			"id": "3e53432d770d39c8d9d004fdc69512764cb82f2468e6f4b9cb61ac51fb618b04",
			"repository": "https://github.com/ffes/selectquotedtext/releases/download/v1.0.0/SelectQuotedText-100-x64.zip",
			"description": "Select the text in quotes (aka a string) based on the Scintilla lexers in Notepad++. Just press Alt+' and select the entire string under the cursor. If no string is found, it selects the current word.",
			"author": "Frank Fesevur",
			"homepage": "https://www.fesevur.com/selectquotedtext"
		},
		{
			"folder-name": "SessionMgr",
			"display-name": "Session Manager",
			"version": "1.4.4",
			"id": "478f7057863dd998b26c37083d785106a65853063d820b365ec18a02e755da9d",
			"repository": "https://github.com/chcg/npp-session-manager/releases/download/v1.4.4/SessionMgr_v1.4.4_x64.zip",
			"description": "Session manager. IMPORTANT: If you are upgrading from a version older than 1.2 then, immediately after the upgrade, open the Settings dialog and reconfigure your settings.",
			"author": "Mike Foster",
			"homepage": "https://mfoster.com/npp/SessionMgr.html"
		},
		{
			"folder-name": "ShtirlitzNppPlugin",
			"display-name": "Shtirlitz",
			"version": "1.1.2",
			"id": "14be96a911c4f692fb967ef4e2a1b43657874b91e159df5069ae05b4eb9a2bf6",
			"repository": "https://github.com/shtirlitz-dev/notepadpp-plugin/raw/master/64bit/ShtirlitzNppPlugin.zip",
			"description": "Adds menu listing decoding styles. Choose a style - and this style decodes the selected text (Turbo-5 style should fit in most cases). The styles themselves and all the settings can be made by Stirlitz.exe, which is in the Shtirlitz folder. It is there without advertising pictures and due to this only 428 KB.",
			"author": "Vsevolod Lukyanin",
			"homepage": "https://vk.com/wall203102356_293"
		},
		{
			"folder-name": "NppSnippets",
			"display-name": "Snippets",
			"version": "1.7.0",
			"id": "22e6b99160cfee9dde06dc130e54b21400565236b43d6a4f664a30e6cc4fcd18",
			"repository": "https://github.com/ffes/nppsnippets/releases/download/v1.7.0/NppSnippets-170-x64.zip",
			"description": "Adds the possibility to add code snippets to the current document by selecting them from a simple list.",
			"author": "Frank Fesevur",
			"homepage": "https://www.fesevur.com/nppsnippets"
		},
		{
			"folder-name": "nppplugin_solutionhub",
			"display-name": "Solution Hub",
			"version": "3.0.1",
			"id": "F795E716299ED1CD4E2F3AE035542AB5F61C9DA3F67D1CA51A57ADA1573B9133",
			"repository": "https://github.com/incrediblejr/nppplugins/releases/download/v3.0.1/nppplugin_solutionhub_x64.zip",
			"description": "Base requirement for several plugins from incfred.",
			"author": "IncredibleJunior",
			"homepage": "https://www.incrediblejunior.com/npp_plugins/"
		},
		{
			"folder-name": "nppplugin_solutionhub_ui",
			"display-name": "Solution Hub UI",
			"version": "3.0.1",
			"id": "6D04DA30238537B4B3CD1C0854C463A570182E28A42C2158C2148F4615979E89",
			"repository": "https://github.com/incrediblejr/nppplugins/releases/download/v3.0.1/nppplugin_solutionhub_ui_x64.zip",
			"description": "Basic UI to create and setup solutions used by the SolutionHub.",
			"author": "IncredibleJunior",
			"homepage": "https://www.incrediblejunior.com/npp_plugins/"
		},
		{
			"folder-name": "nppplugin_solutiontools",
			"display-name": "Solution Tools",
			"version": "3.0.1",
			"id": "CE8681308EC4918F1BAEA73BBC058A2627AF32482829964FB76078CDB95356E7",
			"repository": "https://github.com/incrediblejr/nppplugins/releases/download/v3.0.1/nppplugin_solutiontools_x64.zip",
			"description": "Configurable priority-based fileswitching (most commonly used when switching between .h and .cpp). Configurable what extensions map to which targets and in what order.\n'goto file' implementation, Ex. stand on a line, press whatever shortcut(or left mouseclick on the line) you have bound to the GOTO command on a line like :\r\n#include \"somefile.h\"\r\nor\r\nrequire 'some_path/to_a_luafile'",
			"author": "IncredibleJunior",
			"homepage": "https://www.incrediblejunior.com/npp_plugins/"
		},
		{
			"folder-name": "SpeechPlugin",
			"display-name": "SpeechPlugin",
			"version": "0.4.0.0",
			"npp-compatible-versions": "[8.3,]",
			"old-versions-compatibility": "[,0.3.1][,8.2.1]",
			"id": "a11f8efa52b7b28a33c3af108e7f58bc859061cc013639a72c18062255d27fda",
			"repository": "https://github.com/chcg/SpeechPlugin/releases/download/v0.4.0/SpeechPlugin_v0.4.0_x64.zip",
			"description": "No kidding, Notepad++ speaks now. With SpeechPlugin, you can make Notepad++ dictate your text or source code. Of course, speakers are necessary.",
			"author": "Jim Xochellis",
			"homepage": "https://github.com/chcg/SpeechPlugin"
		},
		{
			"folder-name": "SQLinFormNpp64",
			"display-name": "SQLinForm",
			"version": "5.3.35",
			"id": "d2ab68ee6889bf3b8825e22c7335125bad77b4274d65da8f69581cffdce9831c",
			"repository": "https://www.sqlinform.com/npp/SQLinFormNpp64_5.3.35.zip",
			"description": "Formats plain SQL, SQL embedded in program code, SQL snippets, and SQL statements with syntax errors.\r\nHas a powerful code folding feature and formats your SQL as you Type. Supports all major DB like Oracle, DB2, SQL Server, Teradata, Netezza, MySQL, Sybase, MS Access, etc. Incorporates its own multi-DB parser engine. No additional software required.",
			"author": "Guido Thelen",
			"homepage": "https://www.sqlinform.com"
		},
		{
			"folder-name": "SurroundSelection",
			"display-name": "SurroundSelection",
			"version": "1.4.1",
			"id": "6fc0687506f09b31d0b4e7033a4185306199a4242796f7653b27a942428bfef4",
			"repository": "https://github.com/dail8859/SurroundSelection/releases/download/v1.4.1/SurroundSelection_v1.4.1_x64.zip",
			"description": "Automatically surround the selection in quotes/brackets/parenthesis/etc.",
			"author": "Justin Dailey",
			"homepage": "https://github.com/dail8859/SurroundSelection"
		},
		{
			"folder-name": "TagLEET",
			"display-name": "TagLEET",
			"npp-compatible-versions": "[,8.2.1]",
			"version": "1.3.2.0",
			"id": "b7031e55f591ff9a567b85a3860faa1a12317526e8c65905a9a5d275863eed1c",
			"repository": "https://sourceforge.net/projects/tagleet/files/v1.3.2/TagLEET_1.3.2.0.x64.zip",
			"description": "Ctags browser. Look up the definition of variables and functions in source code. Can also find include files if ctags file was generated correctly. Ultra fast with low memory usage. Allow working with a single ctags file for very large projects.",
			"author": "Gur Stavi",
			"homepage": "https://sourceforge.net/projects/tagleet/"
		},
		{
			"folder-name": "TakeNotes",
			"display-name": "TakeNotes",
			"version": "1.2.3.0",
			"id": "156a89992bbad0df03f3dd460cb9153cf6b5722eec0ea726879bab366d72d0cb",
			"repository": "https://github.com/francostellari/NppPlugins/raw/main/TakeNotes/TakeNotes_dll_1v23_x64.zip",
			"description": "Helps people who like to use Notepad++ for jotting quick notes. Instead of using unnamed 'new ?' files, this plugins allows to quickly create new empty files in a folder of choice. The file names may be custom generated using a mask and may contain details such as the user name, date, and time of creation so that unique files may be generated. Additionally, the plugin allows to load exiting notes in the folder of choice, save existing files as a note, and open the last saved note quickly. Please refer to the Options dialog box for more details. It is strongly recommended to use this plugin in combination with AutoSave to make sure that you never loose a note.",
			"author": "Franco Stellari",
			"homepage": "https://github.com/francostellari/NppPlugins"
		},
		{
			"folder-name": "NppTaskList",
			"display-name": "Task List",
			"version": "2.4",
			"npp-compatible-versions": "[8.3,]",
			"old-versions-compatibility": "[,2.3][,8.2.1]",
			"id": "3863d8f30f0478c94bb45f10ef218cb6618b5f20b046de5ba01edcc81956a68e",
			"repository": "https://github.com/Megabyteceer/npp-task-list/releases/download/v2.4.0/NppTaskList_v2.4.0_x64.zip",
			"description": "Automatically scans the open document and adds all \"TODO:*\" items to your task list, a window pane docked on the right. Double-clicking an item in the list will take you to that line in the code.",
			"author": "blitowitz",
			"homepage": "https://code.google.com/p/npp-task-list/"
		},
		{
			"folder-name": "NppToolBucket",
			"display-name": "ToolBucket",
			"version": "1.10.6622.41516",
			"id": "50586e7462ce6d09f012187ea3936d29912acfc4e41107f01d40e2e9afa46f53",
			"repository": "https://phdesign.com.au/assets/files/NppToolBucket-1.10-x64.zip",
			"description": "Requires .NET 3.5\r\nMulti-line search and replace dialog.\r\nChange indentation dialog.\r\nGenerate GUID.\r\nGenerate Lorem Ipsum.\r\nCompute MD5 hash.\r\nCompute SHA1 hash.\r\nBase 64 encode.\r\nBase 64 decode.",
			"author": "Paul Heasley",
			"homepage": "https://phdesign.com.au/npptoolbucket/"
		},
		{
			"folder-name": "TopMost",
			"display-name": "TopMost",
			"version": "1.4.0.0",
			"id": "1c211bd5b14b50420b7238377dd001bda7d5d86941a9521ba6f7ba85599decca",
			"repository": "https://github.com/francostellari/NppPlugins/raw/main/TopMost/TopMost_dll_1v40_x64.zip",
			"description": "Allows setting the main Notepad++ window as a topmost window so it can stay on top of other windows even when it is not active. Syncs with Notepad++'s own stay on top functionality and allows to remember the setting between restarts as well as to show a toolbar button.",
			"author": "Franco Stellari",
			"homepage": "https://github.com/francostellari/NppPlugins"
		},
		{
			"folder-name": "nppplugin_svn",
			"display-name": "Tortoise SVN",
			"version": "3.0.1",
			"id": "7EA4A0628EF155AC844FC513C43A0F5A7B06DE62C854087F170E8F9A3B05967B",
			"repository": "https://github.com/incrediblejr/nppplugins/releases/download/v3.0.1/nppplugin_svn_x64.zip",
			"description": "Main operations for SVN, with a concept of a root solution directory. Note: Uses Tortoise SVN internally so you have to have this installed. Available at http://tortoisesvn.tigris.org/",
			"author": "IncredibleJunior",
			"homepage": "https://www.incrediblejunior.com/npp_plugins/"
		},
		{
			"folder-name": "urlPlugin",
			"display-name": "URL Encode/Decode Plugin",
			"version": "1.2.0.0",
			"id": "3bab2b9494d6fbdaac17be5b410a18c074dec5e7dc440e2c1c5c61aaecb57588",
			"repository": "https://github.com/SinghRajenM/nppURLPlugin/releases/download/1.2.0.0/urlPlugin_x64.zip",
			"description": "Hopefully a decent URL Encoder and Decoder plug-in for Notepad++ which helps to make developer's life easier by providing facility to encode/decode the URL within Notepad++. \r\n\r\nHow it works:\r\n1. Configure setting from menu (Plugins->URL Plugin->URL Plugin Settings). It is not mandatory, but recommended.\r\n2. Select text/URL which you want to encode/decode.\r\n3. Perform your task via Plugins->URL Plugin->Encode/Decode URL.\r\n\r\n",
			"author": "Rajendra Singh",
			"homepage": "https://github.com/SinghRajenM/nppURLPlugin"
		},
		{
			"folder-name": "VisualStudioLineCopy",
			"display-name": "Visual Studio Line Copy",
			"version": "1.0.0.2",
			"npp-compatible-versions": "[8.3,]",
			"old-versions-compatibility": "[,1.0.0.1][,8.2.1]",
			"id": "fb5c63f30ba22ec2005073354fd93adad2c849f2a6c93a01df77779b5089d908",
			"repository": "https://sourceforge.net/projects/notepad-visualstudiolinecopy/files/VisualStudioLineCopy%20x64%20v1.0.0.2.zip",
			"description": "Adds two commands to Notepad++ CopyAllowLine and CutAllowLine, which adds Visual Studio style copy/cutting to Notepad++.",
			"author": "Mackenzie Zastrow (forked by Derek Brown)",
			"homepage": "https://sourceforge.net/projects/notepad-visualstudiolinecopy/"
		},
		{
			"folder-name": "WakaTime",
			"display-name": "WakaTime",
			"version": "4.2.3",
			"id": "c11f8f7c507e7453289fd14511db274a9d5c1099515083d9d08ec0b81b8840b0",
			"repository": "https://github.com/wakatime/notepadpp-wakatime/releases/download/4.2.3/WakaTime-4.2.3-x64.zip",
			"description": "Automatic time tracking and metrics generated from your programming activity.\r\nVisit https://wakatime.com to see your logged time.",
			"author": "WakaTime",
			"homepage": "https://github.com/wakatime/notepadpp-wakatime"
		},
		{
			"folder-name": "XBrackets",
			"display-name": "XBrackets Lite",
			"version": "1.3.1",
			"id": "2ff24582d336cbeda3ab39a61a299306d791f5a7983e80095b87310106e2a8fc",
			"repository": "https://github.com/d0vgan/npp-XBracketsLite/releases/download/v131/XBrackets_v131_dll_x64.zip",
			"description": "Allows autocompletion of brackets ([{\"\"}])\r\nInserts corresponding right bracket when the left bracket is typed. Uses \"smart\" autocompletion: * next character is analysed for ([{ brackets; * next &amp; previous characters are analysed for \" quote.",
			"author": "Vitaliy Dovgan",
			"homepage": "https://github.com/d0vgan/npp-XBracketsLite"
		},
		{
			"folder-name": "XMLTools",
			"display-name": "XML Tools",
			"version": "3.1.1.13",
			"npp-compatible-versions": "[8.3,]",
			"old-versions-compatibility": "[,3.1.1.10][,8.2.1]",
			"id": "7631ea990e731172e28e9fe85ac4861185c0292143603b9486bc969cc8e8e046",
			"repository": "https://github.com/morbac/xmltools/releases/download/3.1.1.13/XMLTools-3.1.1.13-x64.zip",
			"description": "Small set of useful tools for editing XML. Plugin is MSXML-based. The features are:\r\n- XML syntax Check\r\n- XML Schema (XSD) + DTD Validation\r\n- XML tag autoclose\r\n- Pretty print\n- Linarize XML\r\n- Current XML Path\r\n- Conversion XML &amp;lt;-&amp;gt; Text\n- Comment / Uncomment\r\n- XPath expression evaluation",
			"author": "Nicolas Crittin",
			"homepage": "https://github.com/morbac/xmltools"
		},
		{
			"folder-name": "zoomdisabler_x64",
			"display-name": "Zoom Disabler",
			"version": "1.2.0",
			"id": "eb49c4fce581fa63b024a3a0454ccc49d082b9524c0cc9a0d5c25544e264da55",
			"repository": "https://github.com/StanDog/npp-zoomdisabler/raw/master/RELEASES/zoomdisabler_1.2.0.zip",
			"description": "Tired of zooming your document everytime you just want to scroll but accidentally still holding the [Ctrl] key? Then this is what you want! It disables mouse zoom, keyboard zoom, or both.",
			"author": "Stanislav Eckert",
			"homepage": "https://github.com/StanDog/npp-zoomdisabler"
		}
	]
}
